srna_id	sequence	type	length	sample_id	dataset	condition	timepoint	expression	log2fc	p_value	padj	contig	start	end	strand
STRG.10267		asRNA	123	AD_S1_2016_T2_R1_RNA	2016	dry	2016	381.136963				k141_751320	658	781	-
STRG.1029		asRNA	109	AD_S1_2016_T2_R1_RNA	2016	dry	2016	219.596481				k141_142546	20735	20844	+
STRG.10408		asRNA	176	AD_S1_2016_T2_R1_RNA	2016	dry	2016	1058.8747560000004				k141_499788	8956	9132	+
STRG.10421		asRNA	176	AD_S1_2016_T2_R1_RNA	2016	dry	2016	1420.553467				k141_484160	9760	9936	+
STRG.10650		itsRNA	187	AD_S1_2016_T2_R1_RNA	2016	dry	2016	574.637878				k141_421861	941	1128	+
STRG.10691		asRNA	139	AD_S1_2016_T2_R1_RNA	2016	dry	2016	1326.444702				k141_327257	2949	3088	-
STRG.1084		itsRNA	279	AD_S1_2016_T2_R1_RNA	2016	dry	2016	632.874329				k141_676850	4850	5129	-
STRG.1113		asRNA	201	AD_S1_2016_T2_R1_RNA	2016	dry	2016	157.158478				k141_488376	3371	3572	-
STRG.11238		itsRNA	95	AD_S1_2016_T2_R1_RNA	2016	dry	2016	3148.743164				k141_187003	11473	11568	+
STRG.11638		itsRNA	268	AD_S1_2016_T2_R1_RNA	2016	dry	2016	49941.425781				k141_596688	756	1024	-
STRG.11836		asRNA	393	AD_S1_2016_T2_R1_RNA	2016	dry	2016	573.102722				k141_628520	1995	2388	+
STRG.1292		itsRNA	77	AD_S1_2016_T2_R1_RNA	2016	dry	2016	451.066345				k141_331198	9558	9635	+
STRG.1355		itsRNA	383	AD_S1_2016_T2_R1_RNA	2016	dry	2016	252619.484375				k141_299873	3443	3826	+
STRG.1361		asRNA	428	AD_S1_2016_T2_R1_RNA	2016	dry	2016	263.395569				k141_48213	1427	1855	-
STRG.1376		asRNA	314	AD_S1_2016_T2_R1_RNA	2016	dry	2016	13282.329102				k141_520032	5431	5745	+
STRG.1444		asRNA	242	AD_S1_2016_T2_R1_RNA	2016	dry	2016	401.355927				k141_1467	4144	4386	-
STRG.1481		asRNA	268	AD_S1_2016_T2_R1_RNA	2016	dry	2016	817.408569				k141_237112	7391	7659	-
STRG.1511		itsRNA	317	AD_S1_2016_T2_R1_RNA	2016	dry	2016	29091.429688				k141_347243	6310	6627	+
STRG.1695		asRNA	233	AD_S1_2016_T2_R1_RNA	2016	dry	2016	129.750443				k141_598982	9203	9436	-
STRG.1756		asRNA	374	AD_S1_2016_T2_R1_RNA	2016	dry	2016	752.738647				k141_1741	12581	12955	+
STRG.1783		asRNA	128	AD_S1_2016_T2_R1_RNA	2016	dry	2016	0.0				k141_724603	6096	6224	-
STRG.1818		itsRNA	109	AD_S1_2016_T2_R1_RNA	2016	dry	2016	522.5181269999998				k141_724616	1552	1661	-
STRG.196		asRNA	110	AD_S1_2016_T2_R1_RNA	2016	dry	2016	821.874084				k141_330333	131	241	+
STRG.1994		asRNA	415	AD_S1_2016_T2_R1_RNA	2016	dry	2016	68.738663				k141_614922	13138	13553	-
STRG.1997		itsRNA	210	AD_S1_2016_T2_R1_RNA	2016	dry	2016	252.266708				k141_96288	1951	2161	-
STRG.2035		asRNA	363	AD_S1_2016_T2_R1_RNA	2016	dry	2016	469.383514				k141_614952	4509	4872	+
STRG.2059		asRNA	166	AD_S1_2016_T2_R1_RNA	2016	dry	2016	4578.30957				k141_505111	9510	9676	+
STRG.208		asRNA	321	AD_S1_2016_T2_R1_RNA	2016	dry	2016	2566.604248				k141_691931	7459	7780	+
STRG.2097		itsRNA	314	AD_S1_2016_T2_R1_RNA	2016	dry	2016	4114.592285				k141_520608	3824	4138	+
STRG.2121		itsRNA	300	AD_S1_2016_T2_R1_RNA	2016	dry	2016	3598.774902				k141_489127	262	562	-
STRG.2134		itsRNA	141	AD_S1_2016_T2_R1_RNA	2016	dry	2016	5283.157715				k141_190432	5705	5846	-
STRG.2215		itsRNA	169	AD_S1_2016_T2_R1_RNA	2016	dry	2016	1749.4707030000004				k141_740641	1583	1752	+
STRG.2301		asRNA	309	AD_S1_2016_T2_R1_RNA	2016	dry	2016	254.245316				k141_615181	921	1230	-
STRG.2386		asRNA	85	AD_S1_2016_T2_R1_RNA	2016	dry	2016	10615.125				k141_64985	557	642	-
STRG.2565		itsRNA	87	AD_S1_2016_T2_R1_RNA	2016	dry	2016	6410.503418				k141_316558	1199	1286	-
STRG.2646		asRNA	399	AD_S1_2016_T2_R1_RNA	2016	dry	2016	1270.556641	-0.269648910910311	0.6172441134610126	0.6172441134610126	k141_112307	9979	10378	-
STRG.2646		asRNA	411	AD_S1_2016_T2_R1_RNA	2016	dry	2016	1270.556641	-0.269648910910311	0.6172441134610126	0.6172441134610126	k141_628520	1914	2325	+
STRG.2698		itsRNA	157	AD_S1_2016_T2_R1_RNA	2016	dry	2016	15128.228516				k141_300884	4239	4396	+
STRG.2731		asRNA	93	AD_S1_2016_T2_R1_RNA	2016	dry	2016	9623.34375				k141_222329	5248	5341	-
STRG.278		asRNA	220	AD_S1_2016_T2_R1_RNA	2016	dry	2016	2169.395508				k141_16040	978	1198	+
STRG.2829		itsRNA	154	AD_S1_2016_T2_R1_RNA	2016	dry	2016	0.0				k141_411126	5259	5413	-
STRG.2957		itsRNA	127	AD_S1_2016_T2_R1_RNA	2016	dry	2016	0.0				k141_301087	13529	13656	+
STRG.299		asRNA	300	AD_S1_2016_T2_R1_RNA	2016	dry	2016	1082.281128				k141_739119	3612	3912	+
STRG.3083		itsRNA	93	AD_S1_2016_T2_R1_RNA	2016	dry	2016	7416.714355				k141_159758	328	421	-
STRG.3106		itsRNA	208	AD_S1_2016_T2_R1_RNA	2016	dry	2016	909.31311				k141_615805	3751	3959	-
STRG.3166		asRNA	130	AD_S1_2016_T2_R1_RNA	2016	dry	2016	0.0				k141_663024	6149	6279	-
STRG.3172		itsRNA	174	AD_S1_2016_T2_R1_RNA	2016	dry	2016	2076.209717				k141_332829	723	897	-
STRG.3203		itsRNA	359	AD_S1_2016_T2_R1_RNA	2016	dry	2016	1062.708984				k141_348731	5206	5565	+
STRG.323		itsRNA	193	AD_S1_2016_T2_R1_RNA	2016	dry	2016	3600.309570000001				k141_251874	394	587	+
STRG.329		asRNA	212	AD_S1_2016_T2_R1_RNA	2016	dry	2016	2999.000488				k141_78967	7104	7316	-
STRG.3349		asRNA	202	AD_S1_2016_T2_R1_RNA	2016	dry	2016	671.629456				k141_569020	5388	5590	+
STRG.3399		itsRNA	75	AD_S1_2016_T2_R1_RNA	2016	dry	2016	302.761719				k141_222901	6197	6272	+
STRG.3442		itsRNA	114	AD_S1_2016_T2_R1_RNA	2016	dry	2016	2556.700928				k141_506301	1892	2006	-
STRG.3531		itsRNA	216	AD_S1_2016_T2_R1_RNA	2016	dry	2016	3013.237061				k141_349069	276	492	-
STRG.3587		asRNA	356	AD_S1_2016_T2_R1_RNA	2016	dry	2016	514.723572				k141_474751	2336	2692	-
STRG.3587		itsRNA	100	AD_S1_2016_T2_R1_RNA	2016	dry	2016	514.723572				k141_380486	1473	1573	+
STRG.3687		asRNA	231	AD_S1_2016_T2_R1_RNA	2016	dry	2016	928.428894				k141_364907	3078	3309	+
STRG.401		itsRNA	370	AD_S1_2016_T2_R1_RNA	2016	dry	2016	232.000717				k141_692091	11055	11425	-
STRG.4012		asRNA	162	AD_S1_2016_T2_R1_RNA	2016	dry	2016	47.738365				k141_616631	20063	20225	-
STRG.4112		asRNA	191	AD_S1_2016_T2_R1_RNA	2016	dry	2016	842.6318970000002				k141_98155	6560	6751	-
STRG.4256		asRNA	251	AD_S1_2016_T2_R1_RNA	2016	dry	2016	1060.094727				k141_726900	2634	2885	-
STRG.4446		asRNA	327	AD_S1_2016_T2_R1_RNA	2016	dry	2016	4949.071289				k141_491235	1612	1939	+
STRG.4505		itsRNA	104	AD_S1_2016_T2_R1_RNA	2016	dry	2016	511.0278320000001				k141_129820	1140	1244	-
STRG.4672		asRNA	249	AD_S1_2016_T2_R1_RNA	2016	dry	2016	2348.727539				k141_334271	7834	8083	-
STRG.4811		asRNA	210	AD_S1_2016_T2_R1_RNA	2016	dry	2016	6006.663086				k141_475914	1466	1676	-
STRG.4819		asRNA	244	AD_S1_2016_T2_R1_RNA	2016	dry	2016	527.849915				k141_507732	954	1198	+
STRG.4853		asRNA	88	AD_S1_2016_T2_R1_RNA	2016	dry	2016	1423.032349				k141_680234	11840	11928	+
STRG.4887		asRNA	406	AD_S1_2016_T2_R1_RNA	2016	dry	2016	1057.750854				k141_224552	5464	5870	-
STRG.4979		asRNA	332	AD_S1_2016_T2_R1_RNA	2016	dry	2016	131.45971699999998				k141_255931	5224	5556	-
STRG.5009		itsRNA	294	AD_S1_2016_T2_R1_RNA	2016	dry	2016	138391.09375				k141_554933	7785	8079	-
STRG.5092		asRNA	374	AD_S1_2016_T2_R1_RNA	2016	dry	2016	1508.914307				k141_114890	2114	2488	-
STRG.5267		asRNA	305	AD_S1_2016_T2_R1_RNA	2016	dry	2016	293.450562				k141_256290	8500	8805	-
STRG.5404		asRNA	395	AD_S1_2016_T2_R1_RNA	2016	dry	2016	490.28271500000005				k141_272513	1930	2325	+
STRG.5533		itsRNA	92	AD_S1_2016_T2_R1_RNA	2016	dry	2016	871.6101070000002				k141_99641	8930	9022	+
STRG.5880		itsRNA	254	AD_S1_2016_T2_R1_RNA	2016	dry	2016	249.175552				k141_477151	16187	16441	-
STRG.5927		asRNA	289	AD_S1_2016_T2_R1_RNA	2016	dry	2016	2829.73291				k141_603291	8842	9131	+
STRG.5961		asRNA	145	AD_S1_2016_T2_R1_RNA	2016	dry	2016	1119.889771				k141_445897	3939	4084	-
STRG.6026		itsRNA	144	AD_S1_2016_T2_R1_RNA	2016	dry	2016	101626.085938				k141_728975	4615	4759	+
STRG.6071		itsRNA	80	AD_S1_2016_T2_R1_RNA	2016	dry	2016	1519.965942				k141_22003	156	236	+
STRG.6112		asRNA	130	AD_S1_2016_T2_R1_RNA	2016	dry	2016	412.517761				k141_162972	9800	9930	+
STRG.6143		asRNA	170	AD_S1_2016_T2_R1_RNA	2016	dry	2016	204.632889				k141_351904	1062	1232	-
STRG.6163		asRNA	171	AD_S1_2016_T2_R1_RNA	2016	dry	2016	787.683044				k141_351919	2019	2190	-
STRG.6286		asRNA	411	AD_S1_2016_T2_R1_RNA	2016	dry	2016	242.515533				k141_572537	1654	2065	+
STRG.6471		asRNA	98	AD_S1_2016_T2_R1_RNA	2016	dry	2016	1639.017212				k141_69346	6876	6974	-
STRG.6474		asRNA	275	AD_S1_2016_T2_R1_RNA	2016	dry	2016	225.373489				k141_226497	1599	1874	-
STRG.6579		itsRNA	112	AD_S1_2016_T2_R1_RNA	2016	dry	2016	106.88324				k141_682164	3296	3408	-
STRG.6583		asRNA	130	AD_S1_2016_T2_R1_RNA	2016	dry	2016	95.47673				k141_430924	4210	4340	+
STRG.6652		asRNA	99	AD_S1_2016_T2_R1_RNA	2016	dry	2016	0.0				k141_320939	8845	8944	-
STRG.6686		asRNA	186	AD_S1_2016_T2_R1_RNA	2016	dry	2016	7873.511719	-1.3958412053806897	0.010077340267484122	0.020154680534968245	k141_352580	6037	6223	+
STRG.697		itsRNA	84	AD_S1_2016_T2_R1_RNA	2016	dry	2016	0.0				k141_315151	4648	4732	+
STRG.7014		asRNA	318	AD_S1_2016_T2_R1_RNA	2016	dry	2016	134.5354				k141_211458	22364	22682	-
STRG.7035		asRNA	354	AD_S1_2016_T2_R1_RNA	2016	dry	2016	50.562328				k141_447289	15612	15966	-
STRG.705		asRNA	435	AD_S1_2016_T2_R1_RNA	2016	dry	2016	152.19339				k141_378077	3217	3652	+
STRG.720		asRNA	141	AD_S1_2016_T2_R1_RNA	2016	dry	2016	737.927551				k141_220826	4333	4474	+
STRG.7233		asRNA	224	AD_S1_2016_T2_R1_RNA	2016	dry	2016	1629.045166				k141_494724	13707	13931	-
STRG.7310		asRNA	264	AD_S1_2016_T2_R1_RNA	2016	dry	2016	210.228973				k141_86249	5442	5706	-
STRG.7349		asRNA	204	AD_S1_2016_T2_R1_RNA	2016	dry	2016	1441.000122				k141_180566	532	736	-
STRG.7510		itsRNA	107	AD_S1_2016_T2_R1_RNA	2016	dry	2016	4384.857422				k141_620700	461	568	+
STRG.7570		itsRNA	159	AD_S1_2016_T2_R1_RNA	2016	dry	2016	214.822647				k141_118154	5717	5876	+
STRG.7584		asRNA	207	AD_S1_2016_T2_R1_RNA	2016	dry	2016	625.64801				k141_227930	4337	4544	-
STRG.7613		asRNA	168	AD_S1_2016_T2_R1_RNA	2016	dry	2016	596.870789				k141_180896	7538	7706	-
STRG.803		itsRNA	112	AD_S1_2016_T2_R1_RNA	2016	dry	2016	1588.884766				k141_456719	562	674	-
STRG.8036		itsRNA	93	AD_S1_2016_T2_R1_RNA	2016	dry	2016	5525.461914				k141_212791	410	503	-
STRG.8092		itsRNA	101	AD_S1_2016_T2_R1_RNA	2016	dry	2016	0.0				k141_715551	512	613	+
STRG.8116		asRNA	274	AD_S1_2016_T2_R1_RNA	2016	dry	2016	2475.972168				k141_527369	8117	8391	+
STRG.812		asRNA	365	AD_S1_2016_T2_R1_RNA	2016	dry	2016	139.69339				k141_252302	1894	2259	-
STRG.8396		asRNA	163	AD_S1_2016_T2_R1_RNA	2016	dry	2016	5825.245117				k141_9649	1264	1427	-
STRG.8460		asRNA	281	AD_S1_2016_T2_R1_RNA	2016	dry	2016	18.113512				k141_150814	5241	5522	-
STRG.8465		itsRNA	179	AD_S1_2016_T2_R1_RNA	2016	dry	2016	5729.665039				k141_684983	1002	1181	-
STRG.8571		itsRNA	164	AD_S1_2016_T2_R1_RNA	2016	dry	2016	726.201782				k141_575591	7817	7981	+
STRG.8577		itsRNA	95	AD_S1_2016_T2_R1_RNA	2016	dry	2016	951.783691				k141_732607	1486	1581	+
STRG.859		asRNA	286	AD_S1_2016_T2_R1_RNA	2016	dry	2016	323.190399				k141_189451	193	479	-
STRG.860		itsRNA	95	AD_S1_2016_T2_R1_RNA	2016	dry	2016	1132.294312				k141_598344	1079	1174	-
STRG.8736		asRNA	466	AD_S1_2016_T2_R1_RNA	2016	dry	2016	524.508667				k141_748594	5844	6310	-
STRG.8762		asRNA	405	AD_S1_2016_T2_R1_RNA	2016	dry	2016	110.762413				k141_481158	15131	15536	+
STRG.8794		itsRNA	95	AD_S1_2016_T2_R1_RNA	2016	dry	2016	27969.708984				k141_481158	2016	2111	+
STRG.8809		asRNA	193	AD_S1_2016_T2_R1_RNA	2016	dry	2016	700.818848				k141_654228	2449	2642	+
STRG.8904		asRNA	247	AD_S1_2016_T2_R1_RNA	2016	dry	2016	1119.926636				k141_151501	3032	3279	-
STRG.8927		itsRNA	156	AD_S1_2016_T2_R1_RNA	2016	dry	2016	14603.988281				k141_198464	10918	11074	-
STRG.902		asRNA	177	AD_S1_2016_T2_R1_RNA	2016	dry	2016	417.308411				k141_79499	3160	3337	+
STRG.9058		asRNA	158	AD_S1_2016_T2_R1_RNA	2016	dry	2016	71.457413				k141_104767	4359	4517	-
STRG.9293		asRNA	251	AD_S1_2016_T2_R1_RNA	2016	dry	2016	197.015472				k141_388260	1691	1942	+
STRG.9320		itsRNA	177	AD_S1_2016_T2_R1_RNA	2016	dry	2016	655.4638669999998				k141_120891	665	842	+
STRG.9360		itsRNA	130	AD_S1_2016_T2_R1_RNA	2016	dry	2016	2991.118408				k141_230551	2347	2477	-
STRG.9593		asRNA	85	AD_S1_2016_T2_R1_RNA	2016	dry	2016	912.02478				k141_293848	2628	2713	+
STRG.9744		itsRNA	149	AD_S1_2016_T2_R1_RNA	2016	dry	2016	10483.981445				k141_262229	4072	4221	+
STRG.9875		asRNA	176	AD_S1_2016_T2_R1_RNA	2016	dry	2016	159.397598				k141_90476	1188	1364	-
STRG.9912		itsRNA	172	AD_S1_2016_T2_R1_RNA	2016	dry	2016	809.068787				k141_656062	1677	1849	+
STRG.9959		asRNA	338	AD_S1_2016_T2_R1_RNA	2016	dry	2016	691.71344				k141_122074	6423	6761	+
STRG.10267		asRNA	123	AD_S1_2016_T2_R2_RNA	2016	dry	2016	2340.6513670000004				k141_751320	658	781	-
STRG.1029		asRNA	109	AD_S1_2016_T2_R2_RNA	2016	dry	2016	0.0				k141_142546	20735	20844	+
STRG.10408		asRNA	176	AD_S1_2016_T2_R2_RNA	2016	dry	2016	347.273743				k141_499788	8956	9132	+
STRG.10421		asRNA	176	AD_S1_2016_T2_R2_RNA	2016	dry	2016	609.6082150000002				k141_484160	9760	9936	+
STRG.10650		itsRNA	187	AD_S1_2016_T2_R2_RNA	2016	dry	2016	271.400513				k141_421861	941	1128	+
STRG.10691		asRNA	139	AD_S1_2016_T2_R2_RNA	2016	dry	2016	1102.384644				k141_327257	2949	3088	-
STRG.1084		itsRNA	279	AD_S1_2016_T2_R2_RNA	2016	dry	2016	377.994415				k141_676850	4850	5129	-
STRG.1113		asRNA	201	AD_S1_2016_T2_R2_RNA	2016	dry	2016	95.832939				k141_488376	3371	3572	-
STRG.11238		itsRNA	95	AD_S1_2016_T2_R2_RNA	2016	dry	2016	1921.550659				k141_187003	11473	11568	+
STRG.11638		itsRNA	268	AD_S1_2016_T2_R2_RNA	2016	dry	2016	37602.679688				k141_596688	756	1024	-
STRG.11836		asRNA	393	AD_S1_2016_T2_R2_RNA	2016	dry	2016	310.835632				k141_628520	1995	2388	+
STRG.1292		itsRNA	77	AD_S1_2016_T2_R2_RNA	2016	dry	2016	133.046432				k141_331198	9558	9635	+
STRG.1355		itsRNA	383	AD_S1_2016_T2_R2_RNA	2016	dry	2016	258026.0625				k141_299873	3443	3826	+
STRG.1361		asRNA	428	AD_S1_2016_T2_R2_RNA	2016	dry	2016	0.0				k141_48213	1427	1855	-
STRG.1376		asRNA	314	AD_S1_2016_T2_R2_RNA	2016	dry	2016	14499.103516				k141_520032	5431	5745	+
STRG.1444		asRNA	242	AD_S1_2016_T2_R2_RNA	2016	dry	2016	81.30613699999998				k141_1467	4144	4386	-
STRG.1481		asRNA	268	AD_S1_2016_T2_R2_RNA	2016	dry	2016	1075.005249				k141_237112	7391	7659	-
STRG.1511		itsRNA	317	AD_S1_2016_T2_R2_RNA	2016	dry	2016	24483.679688				k141_347243	6310	6627	+
STRG.1695		asRNA	233	AD_S1_2016_T2_R2_RNA	2016	dry	2016	85.0019				k141_598982	9203	9436	-
STRG.1756		asRNA	374	AD_S1_2016_T2_R2_RNA	2016	dry	2016	662.039001				k141_1741	12581	12955	+
STRG.1783		asRNA	128	AD_S1_2016_T2_R2_RNA	2016	dry	2016	133.046432				k141_724603	6096	6224	-
STRG.1818		itsRNA	109	AD_S1_2016_T2_R2_RNA	2016	dry	2016	482.595703				k141_724616	1552	1661	-
STRG.196		asRNA	110	AD_S1_2016_T2_R2_RNA	2016	dry	2016	641.259827				k141_330333	131	241	+
STRG.1994		asRNA	415	AD_S1_2016_T2_R2_RNA	2016	dry	2016	44.135624				k141_614922	13138	13553	-
STRG.1997		itsRNA	210	AD_S1_2016_T2_R2_RNA	2016	dry	2016	177.81561299999996				k141_96288	1951	2161	-
STRG.2035		asRNA	363	AD_S1_2016_T2_R2_RNA	2016	dry	2016	211.448761				k141_614952	4509	4872	+
STRG.2059		asRNA	166	AD_S1_2016_T2_R2_RNA	2016	dry	2016	2201.639648				k141_505111	9510	9676	+
STRG.208		asRNA	321	AD_S1_2016_T2_R2_RNA	2016	dry	2016	1567.01416				k141_691931	7459	7780	+
STRG.2097		itsRNA	314	AD_S1_2016_T2_R2_RNA	2016	dry	2016	597.019409				k141_520608	3824	4138	+
STRG.2121		itsRNA	300	AD_S1_2016_T2_R2_RNA	2016	dry	2016	9599.012695				k141_489127	262	562	-
STRG.2134		itsRNA	141	AD_S1_2016_T2_R2_RNA	2016	dry	2016	5524.706055				k141_190432	5705	5846	-
STRG.2215		itsRNA	169	AD_S1_2016_T2_R2_RNA	2016	dry	2016	468.401672				k141_740641	1583	1752	+
STRG.2301		asRNA	309	AD_S1_2016_T2_R2_RNA	2016	dry	2016	31.974051				k141_615181	921	1230	-
STRG.2386		asRNA	85	AD_S1_2016_T2_R2_RNA	2016	dry	2016	8573.759766				k141_64985	557	642	-
STRG.2565		itsRNA	87	AD_S1_2016_T2_R2_RNA	2016	dry	2016	1513.403076				k141_316558	1199	1286	-
STRG.2646		asRNA	399	AD_S1_2016_T2_R2_RNA	2016	dry	2016	59.205662	-0.269648910910311	0.6172441134610126	0.6172441134610126	k141_112307	9979	10378	-
STRG.2646		asRNA	411	AD_S1_2016_T2_R2_RNA	2016	dry	2016	59.205662	-0.269648910910311	0.6172441134610126	0.6172441134610126	k141_628520	1914	2325	+
STRG.2698		itsRNA	157	AD_S1_2016_T2_R2_RNA	2016	dry	2016	6710.424316				k141_300884	4239	4396	+
STRG.2731		asRNA	93	AD_S1_2016_T2_R2_RNA	2016	dry	2016	11285.592773				k141_222329	5248	5341	-
STRG.278		asRNA	220	AD_S1_2016_T2_R2_RNA	2016	dry	2016	2867.421387000001				k141_16040	978	1198	+
STRG.2829		itsRNA	154	AD_S1_2016_T2_R2_RNA	2016	dry	2016	0.0				k141_411126	5259	5413	-
STRG.2957		itsRNA	127	AD_S1_2016_T2_R2_RNA	2016	dry	2016	0.0				k141_301087	13529	13656	+
STRG.299		asRNA	300	AD_S1_2016_T2_R2_RNA	2016	dry	2016	1816.017456				k141_739119	3612	3912	+
STRG.3083		itsRNA	93	AD_S1_2016_T2_R2_RNA	2016	dry	2016	5750.012207				k141_159758	328	421	-
STRG.3106		itsRNA	208	AD_S1_2016_T2_R2_RNA	2016	dry	2016	2005.245239				k141_615805	3751	3959	-
STRG.3166		asRNA	130	AD_S1_2016_T2_R2_RNA	2016	dry	2016	132.030823				k141_663024	6149	6279	-
STRG.3172		itsRNA	174	AD_S1_2016_T2_R2_RNA	2016	dry	2016	717.69043				k141_332829	723	897	-
STRG.3203		itsRNA	359	AD_S1_2016_T2_R2_RNA	2016	dry	2016	420.204987				k141_348731	5206	5565	+
STRG.323		itsRNA	193	AD_S1_2016_T2_R2_RNA	2016	dry	2016	295.925385				k141_251874	394	587	+
STRG.329		asRNA	212	AD_S1_2016_T2_R2_RNA	2016	dry	2016	745.497253				k141_78967	7104	7316	-
STRG.3349		asRNA	202	AD_S1_2016_T2_R2_RNA	2016	dry	2016	777.961121				k141_569020	5388	5590	+
STRG.3399		itsRNA	75	AD_S1_2016_T2_R2_RNA	2016	dry	2016	133.046432				k141_222901	6197	6272	+
STRG.3442		itsRNA	114	AD_S1_2016_T2_R2_RNA	2016	dry	2016	0.0				k141_506301	1892	2006	-
STRG.3531		itsRNA	216	AD_S1_2016_T2_R2_RNA	2016	dry	2016	0.0				k141_349069	276	492	-
STRG.3587		asRNA	356	AD_S1_2016_T2_R2_RNA	2016	dry	2016	133.046432				k141_474751	2336	2692	-
STRG.3587		itsRNA	100	AD_S1_2016_T2_R2_RNA	2016	dry	2016	133.046432				k141_380486	1473	1573	+
STRG.3687		asRNA	231	AD_S1_2016_T2_R2_RNA	2016	dry	2016	166.881531				k141_364907	3078	3309	+
STRG.401		itsRNA	370	AD_S1_2016_T2_R2_RNA	2016	dry	2016	0.0				k141_692091	11055	11425	-
STRG.4012		asRNA	162	AD_S1_2016_T2_R2_RNA	2016	dry	2016	0.0				k141_616631	20063	20225	-
STRG.4112		asRNA	191	AD_S1_2016_T2_R2_RNA	2016	dry	2016	539.808167				k141_98155	6560	6751	-
STRG.4256		asRNA	251	AD_S1_2016_T2_R2_RNA	2016	dry	2016	624.843079				k141_726900	2634	2885	-
STRG.4446		asRNA	327	AD_S1_2016_T2_R2_RNA	2016	dry	2016	7227.503418000001				k141_491235	1612	1939	+
STRG.4505		itsRNA	104	AD_S1_2016_T2_R2_RNA	2016	dry	2016	356.057587				k141_129820	1140	1244	-
STRG.4672		asRNA	249	AD_S1_2016_T2_R2_RNA	2016	dry	2016	66.523216				k141_334271	7834	8083	-
STRG.4811		asRNA	210	AD_S1_2016_T2_R2_RNA	2016	dry	2016	9285.191406				k141_475914	1466	1676	-
STRG.4819		asRNA	244	AD_S1_2016_T2_R2_RNA	2016	dry	2016	259.304749				k141_507732	954	1198	+
STRG.4853		asRNA	88	AD_S1_2016_T2_R2_RNA	2016	dry	2016	133.046432				k141_680234	11840	11928	+
STRG.4887		asRNA	406	AD_S1_2016_T2_R2_RNA	2016	dry	2016	365.79599				k141_224552	5464	5870	-
STRG.4979		asRNA	332	AD_S1_2016_T2_R2_RNA	2016	dry	2016	0.0				k141_255931	5224	5556	-
STRG.5009		itsRNA	294	AD_S1_2016_T2_R2_RNA	2016	dry	2016	65629.320312				k141_554933	7785	8079	-
STRG.5092		asRNA	374	AD_S1_2016_T2_R2_RNA	2016	dry	2016	691.309265				k141_114890	2114	2488	-
STRG.5267		asRNA	305	AD_S1_2016_T2_R2_RNA	2016	dry	2016	0.0				k141_256290	8500	8805	-
STRG.5404		asRNA	395	AD_S1_2016_T2_R2_RNA	2016	dry	2016	52.076233				k141_272513	1930	2325	+
STRG.5533		itsRNA	92	AD_S1_2016_T2_R2_RNA	2016	dry	2016	479.25326500000006				k141_99641	8930	9022	+
STRG.5880		itsRNA	254	AD_S1_2016_T2_R2_RNA	2016	dry	2016	0.0				k141_477151	16187	16441	-
STRG.5927		asRNA	289	AD_S1_2016_T2_R2_RNA	2016	dry	2016	1710.5639649999996				k141_603291	8842	9131	+
STRG.5961		asRNA	145	AD_S1_2016_T2_R2_RNA	2016	dry	2016	725.376465				k141_445897	3939	4084	-
STRG.6026		itsRNA	144	AD_S1_2016_T2_R2_RNA	2016	dry	2016	113071.57031199998				k141_728975	4615	4759	+
STRG.6071		itsRNA	80	AD_S1_2016_T2_R2_RNA	2016	dry	2016	1190.847656				k141_22003	156	236	+
STRG.6112		asRNA	130	AD_S1_2016_T2_R2_RNA	2016	dry	2016	0.0				k141_162972	9800	9930	+
STRG.6143		asRNA	170	AD_S1_2016_T2_R2_RNA	2016	dry	2016	423.25882				k141_351904	1062	1232	-
STRG.6163		asRNA	171	AD_S1_2016_T2_R2_RNA	2016	dry	2016	1077.908203				k141_351919	2019	2190	-
STRG.6286		asRNA	411	AD_S1_2016_T2_R2_RNA	2016	dry	2016	341.496582				k141_572537	1654	2065	+
STRG.6471		asRNA	98	AD_S1_2016_T2_R2_RNA	2016	dry	2016	921.245728				k141_69346	6876	6974	-
STRG.6474		asRNA	275	AD_S1_2016_T2_R2_RNA	2016	dry	2016	148.954117				k141_226497	1599	1874	-
STRG.6579		itsRNA	112	AD_S1_2016_T2_R2_RNA	2016	dry	2016	62.991032				k141_682164	3296	3408	-
STRG.6583		asRNA	130	AD_S1_2016_T2_R2_RNA	2016	dry	2016	320.936462				k141_430924	4210	4340	+
STRG.6652		asRNA	99	AD_S1_2016_T2_R2_RNA	2016	dry	2016	252.788208				k141_320939	8845	8944	-
STRG.6686		asRNA	186	AD_S1_2016_T2_R2_RNA	2016	dry	2016	4109.142578	-1.3958412053806897	0.010077340267484122	0.020154680534968245	k141_352580	6037	6223	+
STRG.697		itsRNA	84	AD_S1_2016_T2_R2_RNA	2016	dry	2016	0.0				k141_315151	4648	4732	+
STRG.7014		asRNA	318	AD_S1_2016_T2_R2_RNA	2016	dry	2016	0.0				k141_211458	22364	22682	-
STRG.7035		asRNA	354	AD_S1_2016_T2_R2_RNA	2016	dry	2016	27.920990000000003				k141_447289	15612	15966	-
STRG.705		asRNA	435	AD_S1_2016_T2_R2_RNA	2016	dry	2016	25.32765				k141_378077	3217	3652	+
STRG.720		asRNA	141	AD_S1_2016_T2_R2_RNA	2016	dry	2016	802.963257				k141_220826	4333	4474	+
STRG.7233		asRNA	224	AD_S1_2016_T2_R2_RNA	2016	dry	2016	0.0				k141_494724	13707	13931	-
STRG.7310		asRNA	264	AD_S1_2016_T2_R2_RNA	2016	dry	2016	595.445496				k141_86249	5442	5706	-
STRG.7349		asRNA	204	AD_S1_2016_T2_R2_RNA	2016	dry	2016	1637.44458				k141_180566	532	736	-
STRG.7510		itsRNA	107	AD_S1_2016_T2_R2_RNA	2016	dry	2016	4321.544922				k141_620700	461	568	+
STRG.7570		itsRNA	159	AD_S1_2016_T2_R2_RNA	2016	dry	2016	51.139721				k141_118154	5717	5876	+
STRG.7584		asRNA	207	AD_S1_2016_T2_R2_RNA	2016	dry	2016	495.086182				k141_227930	4337	4544	-
STRG.7613		asRNA	168	AD_S1_2016_T2_R2_RNA	2016	dry	2016	338.126862				k141_180896	7538	7706	-
STRG.803		itsRNA	112	AD_S1_2016_T2_R2_RNA	2016	dry	2016	1548.283691				k141_456719	562	674	-
STRG.8036		itsRNA	93	AD_S1_2016_T2_R2_RNA	2016	dry	2016	6834.90625				k141_212791	410	503	-
STRG.8092		itsRNA	101	AD_S1_2016_T2_R2_RNA	2016	dry	2016	2553.317627				k141_715551	512	613	+
STRG.8116		asRNA	274	AD_S1_2016_T2_R2_RNA	2016	dry	2016	1240.960205				k141_527369	8117	8391	+
STRG.812		asRNA	365	AD_S1_2016_T2_R2_RNA	2016	dry	2016	14.177094				k141_252302	1894	2259	-
STRG.8396		asRNA	163	AD_S1_2016_T2_R2_RNA	2016	dry	2016	13449.858397999997				k141_9649	1264	1427	-
STRG.8460		asRNA	281	AD_S1_2016_T2_R2_RNA	2016	dry	2016	19.579512				k141_150814	5241	5522	-
STRG.8465		itsRNA	179	AD_S1_2016_T2_R2_RNA	2016	dry	2016	1746.6040039999998				k141_684983	1002	1181	-
STRG.8571		itsRNA	164	AD_S1_2016_T2_R2_RNA	2016	dry	2016	281.413361				k141_575591	7817	7981	+
STRG.8577		itsRNA	95	AD_S1_2016_T2_R2_RNA	2016	dry	2016	56.128963				k141_732607	1486	1581	+
STRG.859		asRNA	286	AD_S1_2016_T2_R2_RNA	2016	dry	2016	608.675842				k141_189451	193	479	-
STRG.860		itsRNA	95	AD_S1_2016_T2_R2_RNA	2016	dry	2016	961.814758				k141_598344	1079	1174	-
STRG.8736		asRNA	466	AD_S1_2016_T2_R2_RNA	2016	dry	2016	106.551094				k141_748594	5844	6310	-
STRG.8762		asRNA	405	AD_S1_2016_T2_R2_RNA	2016	dry	2016	0.0				k141_481158	15131	15536	+
STRG.8794		itsRNA	95	AD_S1_2016_T2_R2_RNA	2016	dry	2016	5553.302734000001				k141_481158	2016	2111	+
STRG.8809		asRNA	193	AD_S1_2016_T2_R2_RNA	2016	dry	2016	185.167694				k141_654228	2449	2642	+
STRG.8904		asRNA	247	AD_S1_2016_T2_R2_RNA	2016	dry	2016	788.353699				k141_151501	3032	3279	-
STRG.8927		itsRNA	156	AD_S1_2016_T2_R2_RNA	2016	dry	2016	5794.299316				k141_198464	10918	11074	-
STRG.902		asRNA	177	AD_S1_2016_T2_R2_RNA	2016	dry	2016	147.248001				k141_79499	3160	3337	+
STRG.9058		asRNA	158	AD_S1_2016_T2_R2_RNA	2016	dry	2016	0.0				k141_104767	4359	4517	-
STRG.9293		asRNA	251	AD_S1_2016_T2_R2_RNA	2016	dry	2016	0.0				k141_388260	1691	1942	+
STRG.9320		itsRNA	177	AD_S1_2016_T2_R2_RNA	2016	dry	2016	0.0				k141_120891	665	842	+
STRG.9360		itsRNA	130	AD_S1_2016_T2_R2_RNA	2016	dry	2016	0.0				k141_230551	2347	2477	-
STRG.9593		asRNA	85	AD_S1_2016_T2_R2_RNA	2016	dry	2016	184.099136				k141_293848	2628	2713	+
STRG.9744		itsRNA	149	AD_S1_2016_T2_R2_RNA	2016	dry	2016	6340.548828				k141_262229	4072	4221	+
STRG.9875		asRNA	176	AD_S1_2016_T2_R2_RNA	2016	dry	2016	0.0				k141_90476	1188	1364	-
STRG.9912		itsRNA	172	AD_S1_2016_T2_R2_RNA	2016	dry	2016	0.0				k141_656062	1677	1849	+
STRG.9959		asRNA	338	AD_S1_2016_T2_R2_RNA	2016	dry	2016	868.5302119999999				k141_122074	6423	6761	+
STRG.10267		asRNA	123	AD_S1_2016_T2_R3_RNA	2016	dry	2016	0.0				k141_751320	658	781	-
STRG.1029		asRNA	109	AD_S1_2016_T2_R3_RNA	2016	dry	2016	150.09669499999995				k141_142546	20735	20844	+
STRG.10408		asRNA	176	AD_S1_2016_T2_R3_RNA	2016	dry	2016	1902.154907				k141_499788	8956	9132	+
STRG.10421		asRNA	176	AD_S1_2016_T2_R3_RNA	2016	dry	2016	1874.657959				k141_484160	9760	9936	+
STRG.10650		itsRNA	187	AD_S1_2016_T2_R3_RNA	2016	dry	2016	345.719269				k141_421861	941	1128	+
STRG.10691		asRNA	139	AD_S1_2016_T2_R3_RNA	2016	dry	2016	1325.427368				k141_327257	2949	3088	-
STRG.1084		itsRNA	279	AD_S1_2016_T2_R3_RNA	2016	dry	2016	1038.515503				k141_676850	4850	5129	-
STRG.1113		asRNA	201	AD_S1_2016_T2_R3_RNA	2016	dry	2016	361.406525				k141_488376	3371	3572	-
STRG.11238		itsRNA	95	AD_S1_2016_T2_R3_RNA	2016	dry	2016	0.0				k141_187003	11473	11568	+
STRG.11638		itsRNA	268	AD_S1_2016_T2_R3_RNA	2016	dry	2016	21238.330078				k141_596688	756	1024	-
STRG.11836		asRNA	393	AD_S1_2016_T2_R3_RNA	2016	dry	2016	2386.561768				k141_628520	1995	2388	+
STRG.1292		itsRNA	77	AD_S1_2016_T2_R3_RNA	2016	dry	2016	1355.350586				k141_331198	9558	9635	+
STRG.1355		itsRNA	383	AD_S1_2016_T2_R3_RNA	2016	dry	2016	244103.828125				k141_299873	3443	3826	+
STRG.1361		asRNA	428	AD_S1_2016_T2_R3_RNA	2016	dry	2016	269.26068100000003				k141_48213	1427	1855	-
STRG.1376		asRNA	314	AD_S1_2016_T2_R3_RNA	2016	dry	2016	4382.10498				k141_520032	5431	5745	+
STRG.1444		asRNA	242	AD_S1_2016_T2_R3_RNA	2016	dry	2016	408.684052				k141_1467	4144	4386	-
STRG.1481		asRNA	268	AD_S1_2016_T2_R3_RNA	2016	dry	2016	806.3854980000001				k141_237112	7391	7659	-
STRG.1511		itsRNA	317	AD_S1_2016_T2_R3_RNA	2016	dry	2016	31001.611327999995				k141_347243	6310	6627	+
STRG.1695		asRNA	233	AD_S1_2016_T2_R3_RNA	2016	dry	2016	179.55500800000004				k141_598982	9203	9436	-
STRG.1756		asRNA	374	AD_S1_2016_T2_R3_RNA	2016	dry	2016	376.212494				k141_1741	12581	12955	+
STRG.1783		asRNA	128	AD_S1_2016_T2_R3_RNA	2016	dry	2016	123.213692				k141_724603	6096	6224	-
STRG.1818		itsRNA	109	AD_S1_2016_T2_R3_RNA	2016	dry	2016	1215.895142				k141_724616	1552	1661	-
STRG.196		asRNA	110	AD_S1_2016_T2_R3_RNA	2016	dry	2016	1079.507324				k141_330333	131	241	+
STRG.1994		asRNA	415	AD_S1_2016_T2_R3_RNA	2016	dry	2016	337.949097				k141_614922	13138	13553	-
STRG.1997		itsRNA	210	AD_S1_2016_T2_R3_RNA	2016	dry	2016	2052.588379				k141_96288	1951	2161	-
STRG.2035		asRNA	363	AD_S1_2016_T2_R3_RNA	2016	dry	2016	479.31481900000006				k141_614952	4509	4872	+
STRG.2059		asRNA	166	AD_S1_2016_T2_R3_RNA	2016	dry	2016	7187.711426000002				k141_505111	9510	9676	+
STRG.208		asRNA	321	AD_S1_2016_T2_R3_RNA	2016	dry	2016	244.51413				k141_691931	7459	7780	+
STRG.2097		itsRNA	314	AD_S1_2016_T2_R3_RNA	2016	dry	2016	15313.115234				k141_520608	3824	4138	+
STRG.2121		itsRNA	300	AD_S1_2016_T2_R3_RNA	2016	dry	2016	29084.162109				k141_489127	262	562	-
STRG.2134		itsRNA	141	AD_S1_2016_T2_R3_RNA	2016	dry	2016	1783.127686				k141_190432	5705	5846	-
STRG.2215		itsRNA	169	AD_S1_2016_T2_R3_RNA	2016	dry	2016	1016.512939				k141_740641	1583	1752	+
STRG.2301		asRNA	309	AD_S1_2016_T2_R3_RNA	2016	dry	2016	83.6661				k141_615181	921	1230	-
STRG.2386		asRNA	85	AD_S1_2016_T2_R3_RNA	2016	dry	2016	13190.311523				k141_64985	557	642	-
STRG.2565		itsRNA	87	AD_S1_2016_T2_R3_RNA	2016	dry	2016	851.294617				k141_316558	1199	1286	-
STRG.2646		asRNA	399	AD_S1_2016_T2_R3_RNA	2016	dry	2016	1456.231812	-0.269648910910311	0.6172441134610126	0.6172441134610126	k141_112307	9979	10378	-
STRG.2646		asRNA	411	AD_S1_2016_T2_R3_RNA	2016	dry	2016	1456.231812	-0.269648910910311	0.6172441134610126	0.6172441134610126	k141_628520	1914	2325	+
STRG.2698		itsRNA	157	AD_S1_2016_T2_R3_RNA	2016	dry	2016	14791.101562				k141_300884	4239	4396	+
STRG.2731		asRNA	93	AD_S1_2016_T2_R3_RNA	2016	dry	2016	8262.526367				k141_222329	5248	5341	-
STRG.278		asRNA	220	AD_S1_2016_T2_R3_RNA	2016	dry	2016	381.62793				k141_16040	978	1198	+
STRG.2829		itsRNA	154	AD_S1_2016_T2_R3_RNA	2016	dry	2016	864.085693				k141_411126	5259	5413	-
STRG.2957		itsRNA	127	AD_S1_2016_T2_R3_RNA	2016	dry	2016	1996.446899				k141_301087	13529	13656	+
STRG.299		asRNA	300	AD_S1_2016_T2_R3_RNA	2016	dry	2016	288.180878				k141_739119	3612	3912	+
STRG.3083		itsRNA	93	AD_S1_2016_T2_R3_RNA	2016	dry	2016	5389.943848				k141_159758	328	421	-
STRG.3106		itsRNA	208	AD_S1_2016_T2_R3_RNA	2016	dry	2016	174.798401				k141_615805	3751	3959	-
STRG.3166		asRNA	130	AD_S1_2016_T2_R3_RNA	2016	dry	2016	0.0				k141_663024	6149	6279	-
STRG.3172		itsRNA	174	AD_S1_2016_T2_R3_RNA	2016	dry	2016	10308.057617				k141_332829	723	897	-
STRG.3203		itsRNA	359	AD_S1_2016_T2_R3_RNA	2016	dry	2016	7187.979004000002				k141_348731	5206	5565	+
STRG.323		itsRNA	193	AD_S1_2016_T2_R3_RNA	2016	dry	2016	736.424133				k141_251874	394	587	+
STRG.329		asRNA	212	AD_S1_2016_T2_R3_RNA	2016	dry	2016	5492.2651369999985				k141_78967	7104	7316	-
STRG.3349		asRNA	202	AD_S1_2016_T2_R3_RNA	2016	dry	2016	734.426514				k141_569020	5388	5590	+
STRG.3399		itsRNA	75	AD_S1_2016_T2_R3_RNA	2016	dry	2016	60.796223				k141_222901	6197	6272	+
STRG.3442		itsRNA	114	AD_S1_2016_T2_R3_RNA	2016	dry	2016	1457.135864				k141_506301	1892	2006	-
STRG.3531		itsRNA	216	AD_S1_2016_T2_R3_RNA	2016	dry	2016	5447.805664				k141_349069	276	492	-
STRG.3587		asRNA	356	AD_S1_2016_T2_R3_RNA	2016	dry	2016	1678.6340329999996				k141_474751	2336	2692	-
STRG.3587		itsRNA	100	AD_S1_2016_T2_R3_RNA	2016	dry	2016	1678.6340329999996				k141_380486	1473	1573	+
STRG.3687		asRNA	231	AD_S1_2016_T2_R3_RNA	2016	dry	2016	614.475159				k141_364907	3078	3309	+
STRG.401		itsRNA	370	AD_S1_2016_T2_R3_RNA	2016	dry	2016	1035.526489				k141_692091	11055	11425	-
STRG.4012		asRNA	162	AD_S1_2016_T2_R3_RNA	2016	dry	2016	287.624634				k141_616631	20063	20225	-
STRG.4112		asRNA	191	AD_S1_2016_T2_R3_RNA	2016	dry	2016	1254.5977779999996				k141_98155	6560	6751	-
STRG.4256		asRNA	251	AD_S1_2016_T2_R3_RNA	2016	dry	2016	1005.756226				k141_726900	2634	2885	-
STRG.4446		asRNA	327	AD_S1_2016_T2_R3_RNA	2016	dry	2016	966.739136				k141_491235	1612	1939	+
STRG.4505		itsRNA	104	AD_S1_2016_T2_R3_RNA	2016	dry	2016	1080.17334				k141_129820	1140	1244	-
STRG.4672		asRNA	249	AD_S1_2016_T2_R3_RNA	2016	dry	2016	4212.429688				k141_334271	7834	8083	-
STRG.4811		asRNA	210	AD_S1_2016_T2_R3_RNA	2016	dry	2016	3343.412109				k141_475914	1466	1676	-
STRG.4819		asRNA	244	AD_S1_2016_T2_R3_RNA	2016	dry	2016	251.205063				k141_507732	954	1198	+
STRG.4853		asRNA	88	AD_S1_2016_T2_R3_RNA	2016	dry	2016	123.213692				k141_680234	11840	11928	+
STRG.4887		asRNA	406	AD_S1_2016_T2_R3_RNA	2016	dry	2016	270.949066				k141_224552	5464	5870	-
STRG.4979		asRNA	332	AD_S1_2016_T2_R3_RNA	2016	dry	2016	782.388428				k141_255931	5224	5556	-
STRG.5009		itsRNA	294	AD_S1_2016_T2_R3_RNA	2016	dry	2016	114205.52343800002				k141_554933	7785	8079	-
STRG.5092		asRNA	374	AD_S1_2016_T2_R3_RNA	2016	dry	2016	1583.049561				k141_114890	2114	2488	-
STRG.5267		asRNA	305	AD_S1_2016_T2_R3_RNA	2016	dry	2016	658.95166				k141_256290	8500	8805	-
STRG.5404		asRNA	395	AD_S1_2016_T2_R3_RNA	2016	dry	2016	1289.076538				k141_272513	1930	2325	+
STRG.5533		itsRNA	92	AD_S1_2016_T2_R3_RNA	2016	dry	2016	319.295715				k141_99641	8930	9022	+
STRG.5880		itsRNA	254	AD_S1_2016_T2_R3_RNA	2016	dry	2016	186.270142				k141_477151	16187	16441	-
STRG.5927		asRNA	289	AD_S1_2016_T2_R3_RNA	2016	dry	2016	3476.325439				k141_603291	8842	9131	+
STRG.5961		asRNA	145	AD_S1_2016_T2_R3_RNA	2016	dry	2016	90.722427				k141_445897	3939	4084	-
STRG.6026		itsRNA	144	AD_S1_2016_T2_R3_RNA	2016	dry	2016	50056.199219				k141_728975	4615	4759	+
STRG.6071		itsRNA	80	AD_S1_2016_T2_R3_RNA	2016	dry	2016	2014.772095				k141_22003	156	236	+
STRG.6112		asRNA	130	AD_S1_2016_T2_R3_RNA	2016	dry	2016	448.648346				k141_162972	9800	9930	+
STRG.6143		asRNA	170	AD_S1_2016_T2_R3_RNA	2016	dry	2016	137.984924				k141_351904	1062	1232	-
STRG.6163		asRNA	171	AD_S1_2016_T2_R3_RNA	2016	dry	2016	798.73999				k141_351919	2019	2190	-
STRG.6286		asRNA	411	AD_S1_2016_T2_R3_RNA	2016	dry	2016	237.006897				k141_572537	1654	2065	+
STRG.6471		asRNA	98	AD_S1_2016_T2_R3_RNA	2016	dry	2016	2018.0909420000007				k141_69346	6876	6974	-
STRG.6474		asRNA	275	AD_S1_2016_T2_R3_RNA	2016	dry	2016	275.891541				k141_226497	1599	1874	-
STRG.6579		itsRNA	112	AD_S1_2016_T2_R3_RNA	2016	dry	2016	298.7659				k141_682164	3296	3408	-
STRG.6583		asRNA	130	AD_S1_2016_T2_R3_RNA	2016	dry	2016	0.0				k141_430924	4210	4340	+
STRG.6652		asRNA	99	AD_S1_2016_T2_R3_RNA	2016	dry	2016	0.0				k141_320939	8845	8944	-
STRG.6686		asRNA	186	AD_S1_2016_T2_R3_RNA	2016	dry	2016	3730.34375	-1.3958412053806897	0.010077340267484122	0.020154680534968245	k141_352580	6037	6223	+
STRG.697		itsRNA	84	AD_S1_2016_T2_R3_RNA	2016	dry	2016	20.294035				k141_315151	4648	4732	+
STRG.7014		asRNA	318	AD_S1_2016_T2_R3_RNA	2016	dry	2016	318.849243				k141_211458	22364	22682	-
STRG.7035		asRNA	354	AD_S1_2016_T2_R3_RNA	2016	dry	2016	263.260773				k141_447289	15612	15966	-
STRG.705		asRNA	435	AD_S1_2016_T2_R3_RNA	2016	dry	2016	535.5273440000002				k141_378077	3217	3652	+
STRG.720		asRNA	141	AD_S1_2016_T2_R3_RNA	2016	dry	2016	101.521118				k141_220826	4333	4474	+
STRG.7233		asRNA	224	AD_S1_2016_T2_R3_RNA	2016	dry	2016	1064.566284				k141_494724	13707	13931	-
STRG.7310		asRNA	264	AD_S1_2016_T2_R3_RNA	2016	dry	2016	376.615417				k141_86249	5442	5706	-
STRG.7349		asRNA	204	AD_S1_2016_T2_R3_RNA	2016	dry	2016	826.132751				k141_180566	532	736	-
STRG.7510		itsRNA	107	AD_S1_2016_T2_R3_RNA	2016	dry	2016	1381.590576				k141_620700	461	568	+
STRG.7570		itsRNA	159	AD_S1_2016_T2_R3_RNA	2016	dry	2016	361.170135				k141_118154	5717	5876	+
STRG.7584		asRNA	207	AD_S1_2016_T2_R3_RNA	2016	dry	2016	774.528381				k141_227930	4337	4544	-
STRG.7613		asRNA	168	AD_S1_2016_T2_R3_RNA	2016	dry	2016	864.683044				k141_180896	7538	7706	-
STRG.803		itsRNA	112	AD_S1_2016_T2_R3_RNA	2016	dry	2016	853.772766				k141_456719	562	674	-
STRG.8036		itsRNA	93	AD_S1_2016_T2_R3_RNA	2016	dry	2016	2010.742554				k141_212791	410	503	-
STRG.8092		itsRNA	101	AD_S1_2016_T2_R3_RNA	2016	dry	2016	102.678101				k141_715551	512	613	+
STRG.8116		asRNA	274	AD_S1_2016_T2_R3_RNA	2016	dry	2016	2442.095459				k141_527369	8117	8391	+
STRG.812		asRNA	365	AD_S1_2016_T2_R3_RNA	2016	dry	2016	395.731384				k141_252302	1894	2259	-
STRG.8396		asRNA	163	AD_S1_2016_T2_R3_RNA	2016	dry	2016	4280.1728520000015				k141_9649	1264	1427	-
STRG.8460		asRNA	281	AD_S1_2016_T2_R3_RNA	2016	dry	2016	280.507812				k141_150814	5241	5522	-
STRG.8465		itsRNA	179	AD_S1_2016_T2_R3_RNA	2016	dry	2016	5838.959961				k141_684983	1002	1181	-
STRG.8571		itsRNA	164	AD_S1_2016_T2_R3_RNA	2016	dry	2016	1215.334961				k141_575591	7817	7981	+
STRG.8577		itsRNA	95	AD_S1_2016_T2_R3_RNA	2016	dry	2016	2128.003174				k141_732607	1486	1581	+
STRG.859		asRNA	286	AD_S1_2016_T2_R3_RNA	2016	dry	2016	515.39386				k141_189451	193	479	-
STRG.860		itsRNA	95	AD_S1_2016_T2_R3_RNA	2016	dry	2016	870.83844				k141_598344	1079	1174	-
STRG.8736		asRNA	466	AD_S1_2016_T2_R3_RNA	2016	dry	2016	1467.08728				k141_748594	5844	6310	-
STRG.8762		asRNA	405	AD_S1_2016_T2_R3_RNA	2016	dry	2016	783.894043				k141_481158	15131	15536	+
STRG.8794		itsRNA	95	AD_S1_2016_T2_R3_RNA	2016	dry	2016	29349.886719				k141_481158	2016	2111	+
STRG.8809		asRNA	193	AD_S1_2016_T2_R3_RNA	2016	dry	2016	527.786438				k141_654228	2449	2642	+
STRG.8904		asRNA	247	AD_S1_2016_T2_R3_RNA	2016	dry	2016	522.913025				k141_151501	3032	3279	-
STRG.8927		itsRNA	156	AD_S1_2016_T2_R3_RNA	2016	dry	2016	1260.389771				k141_198464	10918	11074	-
STRG.902		asRNA	177	AD_S1_2016_T2_R3_RNA	2016	dry	2016	161.977585				k141_79499	3160	3337	+
STRG.9058		asRNA	158	AD_S1_2016_T2_R3_RNA	2016	dry	2016	465.7323				k141_104767	4359	4517	-
STRG.9293		asRNA	251	AD_S1_2016_T2_R3_RNA	2016	dry	2016	929.725464				k141_388260	1691	1942	+
STRG.9320		itsRNA	177	AD_S1_2016_T2_R3_RNA	2016	dry	2016	500.469055				k141_120891	665	842	+
STRG.9360		itsRNA	130	AD_S1_2016_T2_R3_RNA	2016	dry	2016	9060.90918				k141_230551	2347	2477	-
STRG.9593		asRNA	85	AD_S1_2016_T2_R3_RNA	2016	dry	2016	449.87326				k141_293848	2628	2713	+
STRG.9744		itsRNA	149	AD_S1_2016_T2_R3_RNA	2016	dry	2016	3412.608398				k141_262229	4072	4221	+
STRG.9875		asRNA	176	AD_S1_2016_T2_R3_RNA	2016	dry	2016	161.848511				k141_90476	1188	1364	-
STRG.9912		itsRNA	172	AD_S1_2016_T2_R3_RNA	2016	dry	2016	2084.305664				k141_656062	1677	1849	+
STRG.9959		asRNA	338	AD_S1_2016_T2_R3_RNA	2016	dry	2016	80.870323				k141_122074	6423	6761	+
STRG.10267		asRNA	123	AD_S1_2016_T2_R4_RNA	2016	dry	2016	900.109436				k141_751320	658	781	-
STRG.1029		asRNA	109	AD_S1_2016_T2_R4_RNA	2016	dry	2016	517.79248				k141_142546	20735	20844	+
STRG.10408		asRNA	176	AD_S1_2016_T2_R4_RNA	2016	dry	2016	379.832367				k141_499788	8956	9132	+
STRG.10421		asRNA	176	AD_S1_2016_T2_R4_RNA	2016	dry	2016	406.434204				k141_484160	9760	9936	+
STRG.10650		itsRNA	187	AD_S1_2016_T2_R4_RNA	2016	dry	2016	432.459656				k141_421861	941	1128	+
STRG.10691		asRNA	139	AD_S1_2016_T2_R4_RNA	2016	dry	2016	516.524231				k141_327257	2949	3088	-
STRG.1084		itsRNA	279	AD_S1_2016_T2_R4_RNA	2016	dry	2016	1916.662598				k141_676850	4850	5129	-
STRG.1113		asRNA	201	AD_S1_2016_T2_R4_RNA	2016	dry	2016	283.423004				k141_488376	3371	3572	-
STRG.11238		itsRNA	95	AD_S1_2016_T2_R4_RNA	2016	dry	2016	692.2342530000002				k141_187003	11473	11568	+
STRG.11638		itsRNA	268	AD_S1_2016_T2_R4_RNA	2016	dry	2016	6816.548828				k141_596688	756	1024	-
STRG.11836		asRNA	393	AD_S1_2016_T2_R4_RNA	2016	dry	2016	2357.388672				k141_628520	1995	2388	+
STRG.1292		itsRNA	77	AD_S1_2016_T2_R4_RNA	2016	dry	2016	460.632019				k141_331198	9558	9635	+
STRG.1355		itsRNA	383	AD_S1_2016_T2_R4_RNA	2016	dry	2016	328723.0625				k141_299873	3443	3826	+
STRG.1361		asRNA	428	AD_S1_2016_T2_R4_RNA	2016	dry	2016	383.584625				k141_48213	1427	1855	-
STRG.1376		asRNA	314	AD_S1_2016_T2_R4_RNA	2016	dry	2016	1148.935669				k141_520032	5431	5745	+
STRG.1444		asRNA	242	AD_S1_2016_T2_R4_RNA	2016	dry	2016	370.909088				k141_1467	4144	4386	-
STRG.1481		asRNA	268	AD_S1_2016_T2_R4_RNA	2016	dry	2016	286.923584				k141_237112	7391	7659	-
STRG.1511		itsRNA	317	AD_S1_2016_T2_R4_RNA	2016	dry	2016	16163.027344				k141_347243	6310	6627	+
STRG.1695		asRNA	233	AD_S1_2016_T2_R4_RNA	2016	dry	2016	120.845879				k141_598982	9203	9436	-
STRG.1756		asRNA	374	AD_S1_2016_T2_R4_RNA	2016	dry	2016	81.89988699999998				k141_1741	12581	12955	+
STRG.1783		asRNA	128	AD_S1_2016_T2_R4_RNA	2016	dry	2016	159.688538				k141_724603	6096	6224	-
STRG.1818		itsRNA	109	AD_S1_2016_T2_R4_RNA	2016	dry	2016	601.94281				k141_724616	1552	1661	-
STRG.196		asRNA	110	AD_S1_2016_T2_R4_RNA	2016	dry	2016	1792.934082				k141_330333	131	241	+
STRG.1994		asRNA	415	AD_S1_2016_T2_R4_RNA	2016	dry	2016	450.685394				k141_614922	13138	13553	-
STRG.1997		itsRNA	210	AD_S1_2016_T2_R4_RNA	2016	dry	2016	1986.316284				k141_96288	1951	2161	-
STRG.2035		asRNA	363	AD_S1_2016_T2_R4_RNA	2016	dry	2016	112.377373				k141_614952	4509	4872	+
STRG.2059		asRNA	166	AD_S1_2016_T2_R4_RNA	2016	dry	2016	1470.45459				k141_505111	9510	9676	+
STRG.208		asRNA	321	AD_S1_2016_T2_R4_RNA	2016	dry	2016	53.007542				k141_691931	7459	7780	+
STRG.2097		itsRNA	314	AD_S1_2016_T2_R4_RNA	2016	dry	2016	2504.761475				k141_520608	3824	4138	+
STRG.2121		itsRNA	300	AD_S1_2016_T2_R4_RNA	2016	dry	2016	879.471985				k141_489127	262	562	-
STRG.2134		itsRNA	141	AD_S1_2016_T2_R4_RNA	2016	dry	2016	5032.77002				k141_190432	5705	5846	-
STRG.2215		itsRNA	169	AD_S1_2016_T2_R4_RNA	2016	dry	2016	1113.8696289999998				k141_740641	1583	1752	+
STRG.2301		asRNA	309	AD_S1_2016_T2_R4_RNA	2016	dry	2016	181.143799				k141_615181	921	1230	-
STRG.2386		asRNA	85	AD_S1_2016_T2_R4_RNA	2016	dry	2016	23850.935547				k141_64985	557	642	-
STRG.2565		itsRNA	87	AD_S1_2016_T2_R4_RNA	2016	dry	2016	705.610779				k141_316558	1199	1286	-
STRG.2646		asRNA	399	AD_S1_2016_T2_R4_RNA	2016	dry	2016	2021.190308	-0.269648910910311	0.6172441134610126	0.6172441134610126	k141_112307	9979	10378	-
STRG.2646		asRNA	411	AD_S1_2016_T2_R4_RNA	2016	dry	2016	2021.190308	-0.269648910910311	0.6172441134610126	0.6172441134610126	k141_628520	1914	2325	+
STRG.2698		itsRNA	157	AD_S1_2016_T2_R4_RNA	2016	dry	2016	18654.976562				k141_300884	4239	4396	+
STRG.2731		asRNA	93	AD_S1_2016_T2_R4_RNA	2016	dry	2016	13028.717773				k141_222329	5248	5341	-
STRG.278		asRNA	220	AD_S1_2016_T2_R4_RNA	2016	dry	2016	508.30728099999993				k141_16040	978	1198	+
STRG.2829		itsRNA	154	AD_S1_2016_T2_R4_RNA	2016	dry	2016	0.0				k141_411126	5259	5413	-
STRG.2957		itsRNA	127	AD_S1_2016_T2_R4_RNA	2016	dry	2016	0.0				k141_301087	13529	13656	+
STRG.299		asRNA	300	AD_S1_2016_T2_R4_RNA	2016	dry	2016	698.955872				k141_739119	3612	3912	+
STRG.3083		itsRNA	93	AD_S1_2016_T2_R4_RNA	2016	dry	2016	6943.26123				k141_159758	328	421	-
STRG.3106		itsRNA	208	AD_S1_2016_T2_R4_RNA	2016	dry	2016	659.224976				k141_615805	3751	3959	-
STRG.3166		asRNA	130	AD_S1_2016_T2_R4_RNA	2016	dry	2016	273.452606				k141_663024	6149	6279	-
STRG.3172		itsRNA	174	AD_S1_2016_T2_R4_RNA	2016	dry	2016	0.0				k141_332829	723	897	-
STRG.3203		itsRNA	359	AD_S1_2016_T2_R4_RNA	2016	dry	2016	4217.463867				k141_348731	5206	5565	+
STRG.323		itsRNA	193	AD_S1_2016_T2_R4_RNA	2016	dry	2016	5416.658203				k141_251874	394	587	+
STRG.329		asRNA	212	AD_S1_2016_T2_R4_RNA	2016	dry	2016	13755.696288999998				k141_78967	7104	7316	-
STRG.3349		asRNA	202	AD_S1_2016_T2_R4_RNA	2016	dry	2016	634.296875				k141_569020	5388	5590	+
STRG.3399		itsRNA	75	AD_S1_2016_T2_R4_RNA	2016	dry	2016	605.462952				k141_222901	6197	6272	+
STRG.3442		itsRNA	114	AD_S1_2016_T2_R4_RNA	2016	dry	2016	3370.181885				k141_506301	1892	2006	-
STRG.3531		itsRNA	216	AD_S1_2016_T2_R4_RNA	2016	dry	2016	7924.069823999998				k141_349069	276	492	-
STRG.3587		asRNA	356	AD_S1_2016_T2_R4_RNA	2016	dry	2016	236.539032				k141_474751	2336	2692	-
STRG.3587		itsRNA	100	AD_S1_2016_T2_R4_RNA	2016	dry	2016	236.539032				k141_380486	1473	1573	+
STRG.3687		asRNA	231	AD_S1_2016_T2_R4_RNA	2016	dry	2016	708.147705				k141_364907	3078	3309	+
STRG.401		itsRNA	370	AD_S1_2016_T2_R4_RNA	2016	dry	2016	1070.69751				k141_692091	11055	11425	-
STRG.4012		asRNA	162	AD_S1_2016_T2_R4_RNA	2016	dry	2016	311.188446				k141_616631	20063	20225	-
STRG.4112		asRNA	191	AD_S1_2016_T2_R4_RNA	2016	dry	2016	110.913528				k141_98155	6560	6751	-
STRG.4256		asRNA	251	AD_S1_2016_T2_R4_RNA	2016	dry	2016	357.0253600000001				k141_726900	2634	2885	-
STRG.4446		asRNA	327	AD_S1_2016_T2_R4_RNA	2016	dry	2016	410.67511				k141_491235	1612	1939	+
STRG.4505		itsRNA	104	AD_S1_2016_T2_R4_RNA	2016	dry	2016	1051.520874				k141_129820	1140	1244	-
STRG.4672		asRNA	249	AD_S1_2016_T2_R4_RNA	2016	dry	2016	3054.338135				k141_334271	7834	8083	-
STRG.4811		asRNA	210	AD_S1_2016_T2_R4_RNA	2016	dry	2016	2589.083252				k141_475914	1466	1676	-
STRG.4819		asRNA	244	AD_S1_2016_T2_R4_RNA	2016	dry	2016	202.558548				k141_507732	954	1198	+
STRG.4853		asRNA	88	AD_S1_2016_T2_R4_RNA	2016	dry	2016	0.0				k141_680234	11840	11928	+
STRG.4887		asRNA	406	AD_S1_2016_T2_R4_RNA	2016	dry	2016	625.5078120000002				k141_224552	5464	5870	-
STRG.4979		asRNA	332	AD_S1_2016_T2_R4_RNA	2016	dry	2016	104.923241				k141_255931	5224	5556	-
STRG.5009		itsRNA	294	AD_S1_2016_T2_R4_RNA	2016	dry	2016	54289.210938				k141_554933	7785	8079	-
STRG.5092		asRNA	374	AD_S1_2016_T2_R4_RNA	2016	dry	2016	1683.299561				k141_114890	2114	2488	-
STRG.5267		asRNA	305	AD_S1_2016_T2_R4_RNA	2016	dry	2016	253.803925				k141_256290	8500	8805	-
STRG.5404		asRNA	395	AD_S1_2016_T2_R4_RNA	2016	dry	2016	556.003296				k141_272513	1930	2325	+
STRG.5533		itsRNA	92	AD_S1_2016_T2_R4_RNA	2016	dry	2016	795.398743				k141_99641	8930	9022	+
STRG.5880		itsRNA	254	AD_S1_2016_T2_R4_RNA	2016	dry	2016	366.044189				k141_477151	16187	16441	-
STRG.5927		asRNA	289	AD_S1_2016_T2_R4_RNA	2016	dry	2016	2027.509521				k141_603291	8842	9131	+
STRG.5961		asRNA	145	AD_S1_2016_T2_R4_RNA	2016	dry	2016	80.259041				k141_445897	3939	4084	-
STRG.6026		itsRNA	144	AD_S1_2016_T2_R4_RNA	2016	dry	2016	188374.25				k141_728975	4615	4759	+
STRG.6071		itsRNA	80	AD_S1_2016_T2_R4_RNA	2016	dry	2016	1411.9647220000004				k141_22003	156	236	+
STRG.6112		asRNA	130	AD_S1_2016_T2_R4_RNA	2016	dry	2016	444.7944030000001				k141_162972	9800	9930	+
STRG.6143		asRNA	170	AD_S1_2016_T2_R4_RNA	2016	dry	2016	272.380127				k141_351904	1062	1232	-
STRG.6163		asRNA	171	AD_S1_2016_T2_R4_RNA	2016	dry	2016	2015.497437				k141_351919	2019	2190	-
STRG.6286		asRNA	411	AD_S1_2016_T2_R4_RNA	2016	dry	2016	120.583382				k141_572537	1654	2065	+
STRG.6471		asRNA	98	AD_S1_2016_T2_R4_RNA	2016	dry	2016	3898.644043				k141_69346	6876	6974	-
STRG.6474		asRNA	275	AD_S1_2016_T2_R4_RNA	2016	dry	2016	72.504547				k141_226497	1599	1874	-
STRG.6579		itsRNA	112	AD_S1_2016_T2_R4_RNA	2016	dry	2016	1131.202637				k141_682164	3296	3408	-
STRG.6583		asRNA	130	AD_S1_2016_T2_R4_RNA	2016	dry	2016	0.0				k141_430924	4210	4340	+
STRG.6652		asRNA	99	AD_S1_2016_T2_R4_RNA	2016	dry	2016	102.731575				k141_320939	8845	8944	-
STRG.6686		asRNA	186	AD_S1_2016_T2_R4_RNA	2016	dry	2016	5006.3901369999985	-1.3958412053806897	0.010077340267484122	0.020154680534968245	k141_352580	6037	6223	+
STRG.697		itsRNA	84	AD_S1_2016_T2_R4_RNA	2016	dry	2016	789.0565799999998				k141_315151	4648	4732	+
STRG.7014		asRNA	318	AD_S1_2016_T2_R4_RNA	2016	dry	2016	143.32571399999995				k141_211458	22364	22682	-
STRG.7035		asRNA	354	AD_S1_2016_T2_R4_RNA	2016	dry	2016	435.659668				k141_447289	15612	15966	-
STRG.705		asRNA	435	AD_S1_2016_T2_R4_RNA	2016	dry	2016	384.666595				k141_378077	3217	3652	+
STRG.720		asRNA	141	AD_S1_2016_T2_R4_RNA	2016	dry	2016	438.598694				k141_220826	4333	4474	+
STRG.7233		asRNA	224	AD_S1_2016_T2_R4_RNA	2016	dry	2016	2483.631104				k141_494724	13707	13931	-
STRG.7310		asRNA	264	AD_S1_2016_T2_R4_RNA	2016	dry	2016	0.0				k141_86249	5442	5706	-
STRG.7349		asRNA	204	AD_S1_2016_T2_R4_RNA	2016	dry	2016	2614.487305				k141_180566	532	736	-
STRG.7510		itsRNA	107	AD_S1_2016_T2_R4_RNA	2016	dry	2016	4636.445801				k141_620700	461	568	+
STRG.7570		itsRNA	159	AD_S1_2016_T2_R4_RNA	2016	dry	2016	385.912231				k141_118154	5717	5876	+
STRG.7584		asRNA	207	AD_S1_2016_T2_R4_RNA	2016	dry	2016	847.478943				k141_227930	4337	4544	-
STRG.7613		asRNA	168	AD_S1_2016_T2_R4_RNA	2016	dry	2016	986.695618				k141_180896	7538	7706	-
STRG.803		itsRNA	112	AD_S1_2016_T2_R4_RNA	2016	dry	2016	4282.613281				k141_456719	562	674	-
STRG.8036		itsRNA	93	AD_S1_2016_T2_R4_RNA	2016	dry	2016	9441.25293				k141_212791	410	503	-
STRG.8092		itsRNA	101	AD_S1_2016_T2_R4_RNA	2016	dry	2016	495.455353				k141_715551	512	613	+
STRG.8116		asRNA	274	AD_S1_2016_T2_R4_RNA	2016	dry	2016	627.966187				k141_527369	8117	8391	+
STRG.812		asRNA	365	AD_S1_2016_T2_R4_RNA	2016	dry	2016	737.389099				k141_252302	1894	2259	-
STRG.8396		asRNA	163	AD_S1_2016_T2_R4_RNA	2016	dry	2016	5209.333984000001				k141_9649	1264	1427	-
STRG.8460		asRNA	281	AD_S1_2016_T2_R4_RNA	2016	dry	2016	196.568253				k141_150814	5241	5522	-
STRG.8465		itsRNA	179	AD_S1_2016_T2_R4_RNA	2016	dry	2016	1748.9042969999996				k141_684983	1002	1181	-
STRG.8571		itsRNA	164	AD_S1_2016_T2_R4_RNA	2016	dry	2016	164.571564				k141_575591	7817	7981	+
STRG.8577		itsRNA	95	AD_S1_2016_T2_R4_RNA	2016	dry	2016	1555.297607				k141_732607	1486	1581	+
STRG.859		asRNA	286	AD_S1_2016_T2_R4_RNA	2016	dry	2016	202.558548				k141_189451	193	479	-
STRG.860		itsRNA	95	AD_S1_2016_T2_R4_RNA	2016	dry	2016	610.303162				k141_598344	1079	1174	-
STRG.8736		asRNA	466	AD_S1_2016_T2_R4_RNA	2016	dry	2016	771.1972049999998				k141_748594	5844	6310	-
STRG.8762		asRNA	405	AD_S1_2016_T2_R4_RNA	2016	dry	2016	543.165283				k141_481158	15131	15536	+
STRG.8794		itsRNA	95	AD_S1_2016_T2_R4_RNA	2016	dry	2016	105960.882812				k141_481158	2016	2111	+
STRG.8809		asRNA	193	AD_S1_2016_T2_R4_RNA	2016	dry	2016	328.345001				k141_654228	2449	2642	+
STRG.8904		asRNA	247	AD_S1_2016_T2_R4_RNA	2016	dry	2016	255.663895				k141_151501	3032	3279	-
STRG.8927		itsRNA	156	AD_S1_2016_T2_R4_RNA	2016	dry	2016	885.064697				k141_198464	10918	11074	-
STRG.902		asRNA	177	AD_S1_2016_T2_R4_RNA	2016	dry	2016	184.114838				k141_79499	3160	3337	+
STRG.9058		asRNA	158	AD_S1_2016_T2_R4_RNA	2016	dry	2016	112.396317				k141_104767	4359	4517	-
STRG.9293		asRNA	251	AD_S1_2016_T2_R4_RNA	2016	dry	2016	113.912628				k141_388260	1691	1942	+
STRG.9320		itsRNA	177	AD_S1_2016_T2_R4_RNA	2016	dry	2016	36.973282				k141_120891	665	842	+
STRG.9360		itsRNA	130	AD_S1_2016_T2_R4_RNA	2016	dry	2016	64.32976500000001				k141_230551	2347	2477	-
STRG.9593		asRNA	85	AD_S1_2016_T2_R4_RNA	2016	dry	2016	132.209686				k141_293848	2628	2713	+
STRG.9744		itsRNA	149	AD_S1_2016_T2_R4_RNA	2016	dry	2016	4367.518555				k141_262229	4072	4221	+
STRG.9875		asRNA	176	AD_S1_2016_T2_R4_RNA	2016	dry	2016	388.750031				k141_90476	1188	1364	-
STRG.9912		itsRNA	172	AD_S1_2016_T2_R4_RNA	2016	dry	2016	1233.88623				k141_656062	1677	1849	+
STRG.9959		asRNA	338	AD_S1_2016_T2_R4_RNA	2016	dry	2016	35.512863				k141_122074	6423	6761	+
STRG.10267		asRNA	123	AD_S1_2016_T2_R5_RNA	2016	dry	2016	0.0				k141_751320	658	781	-
STRG.1029		asRNA	109	AD_S1_2016_T2_R5_RNA	2016	dry	2016	0.0				k141_142546	20735	20844	+
STRG.10408		asRNA	176	AD_S1_2016_T2_R5_RNA	2016	dry	2016	2600.950684				k141_499788	8956	9132	+
STRG.10421		asRNA	176	AD_S1_2016_T2_R5_RNA	2016	dry	2016	1211.699219				k141_484160	9760	9936	+
STRG.10650		itsRNA	187	AD_S1_2016_T2_R5_RNA	2016	dry	2016	481.039612				k141_421861	941	1128	+
STRG.10691		asRNA	139	AD_S1_2016_T2_R5_RNA	2016	dry	2016	1924.171265				k141_327257	2949	3088	-
STRG.1084		itsRNA	279	AD_S1_2016_T2_R5_RNA	2016	dry	2016	1883.872925				k141_676850	4850	5129	-
STRG.1113		asRNA	201	AD_S1_2016_T2_R5_RNA	2016	dry	2016	680.65332				k141_488376	3371	3572	-
STRG.11238		itsRNA	95	AD_S1_2016_T2_R5_RNA	2016	dry	2016	0.0				k141_187003	11473	11568	+
STRG.11638		itsRNA	268	AD_S1_2016_T2_R5_RNA	2016	dry	2016	3465.069092				k141_596688	756	1024	-
STRG.11836		asRNA	393	AD_S1_2016_T2_R5_RNA	2016	dry	2016	4424.529297				k141_628520	1995	2388	+
STRG.1292		itsRNA	77	AD_S1_2016_T2_R5_RNA	2016	dry	2016	1627.70105				k141_331198	9558	9635	+
STRG.1355		itsRNA	383	AD_S1_2016_T2_R5_RNA	2016	dry	2016	393436.71875				k141_299873	3443	3826	+
STRG.1361		asRNA	428	AD_S1_2016_T2_R5_RNA	2016	dry	2016	888.61615				k141_48213	1427	1855	-
STRG.1376		asRNA	314	AD_S1_2016_T2_R5_RNA	2016	dry	2016	385.537445				k141_520032	5431	5745	+
STRG.1444		asRNA	242	AD_S1_2016_T2_R5_RNA	2016	dry	2016	2168.653809				k141_1467	4144	4386	-
STRG.1481		asRNA	268	AD_S1_2016_T2_R5_RNA	2016	dry	2016	279.641541				k141_237112	7391	7659	-
STRG.1511		itsRNA	317	AD_S1_2016_T2_R5_RNA	2016	dry	2016	32716.732422000005				k141_347243	6310	6627	+
STRG.1695		asRNA	233	AD_S1_2016_T2_R5_RNA	2016	dry	2016	670.43988				k141_598982	9203	9436	-
STRG.1756		asRNA	374	AD_S1_2016_T2_R5_RNA	2016	dry	2016	352.826477				k141_1741	12581	12955	+
STRG.1783		asRNA	128	AD_S1_2016_T2_R5_RNA	2016	dry	2016	556.563721				k141_724603	6096	6224	-
STRG.1818		itsRNA	109	AD_S1_2016_T2_R5_RNA	2016	dry	2016	2472.499756				k141_724616	1552	1661	-
STRG.196		asRNA	110	AD_S1_2016_T2_R5_RNA	2016	dry	2016	614.438721				k141_330333	131	241	+
STRG.1994		asRNA	415	AD_S1_2016_T2_R5_RNA	2016	dry	2016	1137.19397				k141_614922	13138	13553	-
STRG.1997		itsRNA	210	AD_S1_2016_T2_R5_RNA	2016	dry	2016	3603.521973				k141_96288	1951	2161	-
STRG.2035		asRNA	363	AD_S1_2016_T2_R5_RNA	2016	dry	2016	1293.909668				k141_614952	4509	4872	+
STRG.2059		asRNA	166	AD_S1_2016_T2_R5_RNA	2016	dry	2016	6209.072754				k141_505111	9510	9676	+
STRG.208		asRNA	321	AD_S1_2016_T2_R5_RNA	2016	dry	2016	261.128082				k141_691931	7459	7780	+
STRG.2097		itsRNA	314	AD_S1_2016_T2_R5_RNA	2016	dry	2016	23518.841797				k141_520608	3824	4138	+
STRG.2121		itsRNA	300	AD_S1_2016_T2_R5_RNA	2016	dry	2016	730.57666				k141_489127	262	562	-
STRG.2134		itsRNA	141	AD_S1_2016_T2_R5_RNA	2016	dry	2016	2878.861328				k141_190432	5705	5846	-
STRG.2215		itsRNA	169	AD_S1_2016_T2_R5_RNA	2016	dry	2016	2205.083008				k141_740641	1583	1752	+
STRG.2301		asRNA	309	AD_S1_2016_T2_R5_RNA	2016	dry	2016	722.577759				k141_615181	921	1230	-
STRG.2386		asRNA	85	AD_S1_2016_T2_R5_RNA	2016	dry	2016	33775.769531				k141_64985	557	642	-
STRG.2565		itsRNA	87	AD_S1_2016_T2_R5_RNA	2016	dry	2016	833.917908				k141_316558	1199	1286	-
STRG.2646		asRNA	399	AD_S1_2016_T2_R5_RNA	2016	dry	2016	2558.855225	-0.269648910910311	0.6172441134610126	0.6172441134610126	k141_112307	9979	10378	-
STRG.2646		asRNA	411	AD_S1_2016_T2_R5_RNA	2016	dry	2016	2558.855225	-0.269648910910311	0.6172441134610126	0.6172441134610126	k141_628520	1914	2325	+
STRG.2698		itsRNA	157	AD_S1_2016_T2_R5_RNA	2016	dry	2016	8122.241211				k141_300884	4239	4396	+
STRG.2731		asRNA	93	AD_S1_2016_T2_R5_RNA	2016	dry	2016	4881.529785				k141_222329	5248	5341	-
STRG.278		asRNA	220	AD_S1_2016_T2_R5_RNA	2016	dry	2016	843.003235				k141_16040	978	1198	+
STRG.2829		itsRNA	154	AD_S1_2016_T2_R5_RNA	2016	dry	2016	0.0				k141_411126	5259	5413	-
STRG.2957		itsRNA	127	AD_S1_2016_T2_R5_RNA	2016	dry	2016	0.0				k141_301087	13529	13656	+
STRG.299		asRNA	300	AD_S1_2016_T2_R5_RNA	2016	dry	2016	848.868408				k141_739119	3612	3912	+
STRG.3083		itsRNA	93	AD_S1_2016_T2_R5_RNA	2016	dry	2016	5034.466797				k141_159758	328	421	-
STRG.3106		itsRNA	208	AD_S1_2016_T2_R5_RNA	2016	dry	2016	238.747833				k141_615805	3751	3959	-
STRG.3166		asRNA	130	AD_S1_2016_T2_R5_RNA	2016	dry	2016	223.948013				k141_663024	6149	6279	-
STRG.3172		itsRNA	174	AD_S1_2016_T2_R5_RNA	2016	dry	2016	2367.990234				k141_332829	723	897	-
STRG.3203		itsRNA	359	AD_S1_2016_T2_R5_RNA	2016	dry	2016	28955.501952999995				k141_348731	5206	5565	+
STRG.323		itsRNA	193	AD_S1_2016_T2_R5_RNA	2016	dry	2016	1695.330688				k141_251874	394	587	+
STRG.329		asRNA	212	AD_S1_2016_T2_R5_RNA	2016	dry	2016	24274.412109				k141_78967	7104	7316	-
STRG.3349		asRNA	202	AD_S1_2016_T2_R5_RNA	2016	dry	2016	1039.6252439999996				k141_569020	5388	5590	+
STRG.3399		itsRNA	75	AD_S1_2016_T2_R5_RNA	2016	dry	2016	180.360626				k141_222901	6197	6272	+
STRG.3442		itsRNA	114	AD_S1_2016_T2_R5_RNA	2016	dry	2016	662.112793				k141_506301	1892	2006	-
STRG.3531		itsRNA	216	AD_S1_2016_T2_R5_RNA	2016	dry	2016	21570.638672				k141_349069	276	492	-
STRG.3587		asRNA	356	AD_S1_2016_T2_R5_RNA	2016	dry	2016	33766.558594				k141_474751	2336	2692	-
STRG.3587		itsRNA	100	AD_S1_2016_T2_R5_RNA	2016	dry	2016	33766.558594				k141_380486	1473	1573	+
STRG.3687		asRNA	231	AD_S1_2016_T2_R5_RNA	2016	dry	2016	2538.79541				k141_364907	3078	3309	+
STRG.401		itsRNA	370	AD_S1_2016_T2_R5_RNA	2016	dry	2016	1155.500732				k141_692091	11055	11425	-
STRG.4012		asRNA	162	AD_S1_2016_T2_R5_RNA	2016	dry	2016	760.9528809999998				k141_616631	20063	20225	-
STRG.4112		asRNA	191	AD_S1_2016_T2_R5_RNA	2016	dry	2016	1753.040039				k141_98155	6560	6751	-
STRG.4256		asRNA	251	AD_S1_2016_T2_R5_RNA	2016	dry	2016	732.335327				k141_726900	2634	2885	-
STRG.4446		asRNA	327	AD_S1_2016_T2_R5_RNA	2016	dry	2016	988.710876				k141_491235	1612	1939	+
STRG.4505		itsRNA	104	AD_S1_2016_T2_R5_RNA	2016	dry	2016	915.419128				k141_129820	1140	1244	-
STRG.4672		asRNA	249	AD_S1_2016_T2_R5_RNA	2016	dry	2016	11374.138672				k141_334271	7834	8083	-
STRG.4811		asRNA	210	AD_S1_2016_T2_R5_RNA	2016	dry	2016	878.2025150000002				k141_475914	1466	1676	-
STRG.4819		asRNA	244	AD_S1_2016_T2_R5_RNA	2016	dry	2016	428.484406				k141_507732	954	1198	+
STRG.4853		asRNA	88	AD_S1_2016_T2_R5_RNA	2016	dry	2016	330.570496				k141_680234	11840	11928	+
STRG.4887		asRNA	406	AD_S1_2016_T2_R5_RNA	2016	dry	2016	492.45462				k141_224552	5464	5870	-
STRG.4979		asRNA	332	AD_S1_2016_T2_R5_RNA	2016	dry	2016	1938.443848				k141_255931	5224	5556	-
STRG.5009		itsRNA	294	AD_S1_2016_T2_R5_RNA	2016	dry	2016	88740.867188				k141_554933	7785	8079	-
STRG.5092		asRNA	374	AD_S1_2016_T2_R5_RNA	2016	dry	2016	3911.848389				k141_114890	2114	2488	-
STRG.5267		asRNA	305	AD_S1_2016_T2_R5_RNA	2016	dry	2016	1330.752563				k141_256290	8500	8805	-
STRG.5404		asRNA	395	AD_S1_2016_T2_R5_RNA	2016	dry	2016	1824.023804				k141_272513	1930	2325	+
STRG.5533		itsRNA	92	AD_S1_2016_T2_R5_RNA	2016	dry	2016	568.895142				k141_99641	8930	9022	+
STRG.5880		itsRNA	254	AD_S1_2016_T2_R5_RNA	2016	dry	2016	873.511169				k141_477151	16187	16441	-
STRG.5927		asRNA	289	AD_S1_2016_T2_R5_RNA	2016	dry	2016	2972.916016				k141_603291	8842	9131	+
STRG.5961		asRNA	145	AD_S1_2016_T2_R5_RNA	2016	dry	2016	202.65715				k141_445897	3939	4084	-
STRG.6026		itsRNA	144	AD_S1_2016_T2_R5_RNA	2016	dry	2016	55791.101562				k141_728975	4615	4759	+
STRG.6071		itsRNA	80	AD_S1_2016_T2_R5_RNA	2016	dry	2016	2407.36084				k141_22003	156	236	+
STRG.6112		asRNA	130	AD_S1_2016_T2_R5_RNA	2016	dry	2016	1173.334595				k141_162972	9800	9930	+
STRG.6143		asRNA	170	AD_S1_2016_T2_R5_RNA	2016	dry	2016	361.698822				k141_351904	1062	1232	-
STRG.6163		asRNA	171	AD_S1_2016_T2_R5_RNA	2016	dry	2016	704.127563				k141_351919	2019	2190	-
STRG.6286		asRNA	411	AD_S1_2016_T2_R5_RNA	2016	dry	2016	192.927734				k141_572537	1654	2065	+
STRG.6471		asRNA	98	AD_S1_2016_T2_R5_RNA	2016	dry	2016	829.0632929999998				k141_69346	6876	6974	-
STRG.6474		asRNA	275	AD_S1_2016_T2_R5_RNA	2016	dry	2016	162.01535				k141_226497	1599	1874	-
STRG.6579		itsRNA	112	AD_S1_2016_T2_R5_RNA	2016	dry	2016	954.902954				k141_682164	3296	3408	-
STRG.6583		asRNA	130	AD_S1_2016_T2_R5_RNA	2016	dry	2016	0.0				k141_430924	4210	4340	+
STRG.6652		asRNA	99	AD_S1_2016_T2_R5_RNA	2016	dry	2016	0.0				k141_320939	8845	8944	-
STRG.6686		asRNA	186	AD_S1_2016_T2_R5_RNA	2016	dry	2016	4337.3115229999985	-1.3958412053806897	0.010077340267484122	0.020154680534968245	k141_352580	6037	6223	+
STRG.697		itsRNA	84	AD_S1_2016_T2_R5_RNA	2016	dry	2016	0.0				k141_315151	4648	4732	+
STRG.7014		asRNA	318	AD_S1_2016_T2_R5_RNA	2016	dry	2016	1330.75769				k141_211458	22364	22682	-
STRG.7035		asRNA	354	AD_S1_2016_T2_R5_RNA	2016	dry	2016	1132.944702				k141_447289	15612	15966	-
STRG.705		asRNA	435	AD_S1_2016_T2_R5_RNA	2016	dry	2016	758.561829				k141_378077	3217	3652	+
STRG.720		asRNA	141	AD_S1_2016_T2_R5_RNA	2016	dry	2016	83.581749				k141_220826	4333	4474	+
STRG.7233		asRNA	224	AD_S1_2016_T2_R5_RNA	2016	dry	2016	11396.092773				k141_494724	13707	13931	-
STRG.7310		asRNA	264	AD_S1_2016_T2_R5_RNA	2016	dry	2016	539.969604				k141_86249	5442	5706	-
STRG.7349		asRNA	204	AD_S1_2016_T2_R5_RNA	2016	dry	2016	583.4413450000002				k141_180566	532	736	-
STRG.7510		itsRNA	107	AD_S1_2016_T2_R5_RNA	2016	dry	2016	1526.1408689999996				k141_620700	461	568	+
STRG.7570		itsRNA	159	AD_S1_2016_T2_R5_RNA	2016	dry	2016	410.072937				k141_118154	5717	5876	+
STRG.7584		asRNA	207	AD_S1_2016_T2_R5_RNA	2016	dry	2016	870.375305				k141_227930	4337	4544	-
STRG.7613		asRNA	168	AD_S1_2016_T2_R5_RNA	2016	dry	2016	589.523376				k141_180896	7538	7706	-
STRG.803		itsRNA	112	AD_S1_2016_T2_R5_RNA	2016	dry	2016	1312.159424				k141_456719	562	674	-
STRG.8036		itsRNA	93	AD_S1_2016_T2_R5_RNA	2016	dry	2016	4199.538574				k141_212791	410	503	-
STRG.8092		itsRNA	101	AD_S1_2016_T2_R5_RNA	2016	dry	2016	0.0				k141_715551	512	613	+
STRG.8116		asRNA	274	AD_S1_2016_T2_R5_RNA	2016	dry	2016	1645.496704				k141_527369	8117	8391	+
STRG.812		asRNA	365	AD_S1_2016_T2_R5_RNA	2016	dry	2016	903.870361				k141_252302	1894	2259	-
STRG.8396		asRNA	163	AD_S1_2016_T2_R5_RNA	2016	dry	2016	2571.667725				k141_9649	1264	1427	-
STRG.8460		asRNA	281	AD_S1_2016_T2_R5_RNA	2016	dry	2016	647.313965				k141_150814	5241	5522	-
STRG.8465		itsRNA	179	AD_S1_2016_T2_R5_RNA	2016	dry	2016	11130.766602				k141_684983	1002	1181	-
STRG.8571		itsRNA	164	AD_S1_2016_T2_R5_RNA	2016	dry	2016	598.7492070000002				k141_575591	7817	7981	+
STRG.8577		itsRNA	95	AD_S1_2016_T2_R5_RNA	2016	dry	2016	3953.59082				k141_732607	1486	1581	+
STRG.859		asRNA	286	AD_S1_2016_T2_R5_RNA	2016	dry	2016	86.202782				k141_189451	193	479	-
STRG.860		itsRNA	95	AD_S1_2016_T2_R5_RNA	2016	dry	2016	5074.1083979999985				k141_598344	1079	1174	-
STRG.8736		asRNA	466	AD_S1_2016_T2_R5_RNA	2016	dry	2016	3831.874023				k141_748594	5844	6310	-
STRG.8762		asRNA	405	AD_S1_2016_T2_R5_RNA	2016	dry	2016	2107.248047				k141_481158	15131	15536	+
STRG.8794		itsRNA	95	AD_S1_2016_T2_R5_RNA	2016	dry	2016	52554.632812				k141_481158	2016	2111	+
STRG.8809		asRNA	193	AD_S1_2016_T2_R5_RNA	2016	dry	2016	1182.638672				k141_654228	2449	2642	+
STRG.8904		asRNA	247	AD_S1_2016_T2_R5_RNA	2016	dry	2016	1143.5196529999996				k141_151501	3032	3279	-
STRG.8927		itsRNA	156	AD_S1_2016_T2_R5_RNA	2016	dry	2016	586.669312				k141_198464	10918	11074	-
STRG.902		asRNA	177	AD_S1_2016_T2_R5_RNA	2016	dry	2016	391.143768				k141_79499	3160	3337	+
STRG.9058		asRNA	158	AD_S1_2016_T2_R5_RNA	2016	dry	2016	305.940704				k141_104767	4359	4517	-
STRG.9293		asRNA	251	AD_S1_2016_T2_R5_RNA	2016	dry	2016	2862.01123				k141_388260	1691	1942	+
STRG.9320		itsRNA	177	AD_S1_2016_T2_R5_RNA	2016	dry	2016	1119.431885				k141_120891	665	842	+
STRG.9360		itsRNA	130	AD_S1_2016_T2_R5_RNA	2016	dry	2016	13439.435547				k141_230551	2347	2477	-
STRG.9593		asRNA	85	AD_S1_2016_T2_R5_RNA	2016	dry	2016	311.001831				k141_293848	2628	2713	+
STRG.9744		itsRNA	149	AD_S1_2016_T2_R5_RNA	2016	dry	2016	3429.637451				k141_262229	4072	4221	+
STRG.9875		asRNA	176	AD_S1_2016_T2_R5_RNA	2016	dry	2016	271.050415				k141_90476	1188	1364	-
STRG.9912		itsRNA	172	AD_S1_2016_T2_R5_RNA	2016	dry	2016	6215.486328				k141_656062	1677	1849	+
STRG.9959		asRNA	338	AD_S1_2016_T2_R5_RNA	2016	dry	2016	0.0				k141_122074	6423	6761	+
STRG.1006		asRNA	478	AD_S1_2017_T2_R1_RNA	2017	wet	2017	7735.643555				k141_271406	3430	3908	+
STRG.1019		asRNA	329	AD_S1_2017_T2_R1_RNA	2017	wet	2017	16802.46875				k141_491235	1610	1939	+
STRG.1052		asRNA	248	AD_S1_2017_T2_R1_RNA	2017	wet	2017	8881.541992				k141_334271	7840	8088	-
STRG.1078		asRNA	297	AD_S1_2017_T2_R1_RNA	2017	wet	2017	13053.689453				k141_475914	1445	1742	-
STRG.1108		asRNA	333	AD_S1_2017_T2_R1_RNA	2017	wet	2017	6327.458008				k141_413186	2507	2840	-
STRG.1125		itsRNA	259	AD_S1_2017_T2_R1_RNA	2017	wet	2017	45628.671875				k141_554933	7819	8078	-
STRG.1147		asRNA	383	AD_S1_2017_T2_R1_RNA	2017	wet	2017	15206.285156				k141_114890	2114	2497	-
STRG.1189		asRNA	212	AD_S1_2017_T2_R1_RNA	2017	wet	2017	483.330231				k141_162022	4220	4432	-
STRG.1209		asRNA	264	AD_S1_2017_T2_R1_RNA	2017	wet	2017	4443.0004880000015				k141_586563	7683	7947	-
STRG.1211		asRNA	340	AD_S1_2017_T2_R1_RNA	2017	wet	2017	10769.092773				k141_586563	8321	8661	-
STRG.1223		asRNA	477	AD_S1_2017_T2_R1_RNA	2017	wet	2017	2060.968262000001				k141_272513	1816	2293	+
STRG.1295		asRNA	471	AD_S1_2017_T2_R1_RNA	2017	wet	2017	79382.070312				k141_712625	7172	7643	-
STRG.1340		asRNA	496	AD_S1_2017_T2_R1_RNA	2017	wet	2017	807.165405				k141_383197	2838	3334	-
STRG.1384		itsRNA	268	AD_S1_2017_T2_R1_RNA	2017	wet	2017	223.807816				k141_713005	348	616	+
STRG.1445		asRNA	334	AD_S1_2017_T2_R1_RNA	2017	wet	2017	2279.975098				k141_572615	401	735	+
STRG.1447		asRNA	416	AD_S1_2017_T2_R1_RNA	2017	wet	2017	883.5737300000002				k141_650747	2760	3176	+
STRG.1487		asRNA	201	AD_S1_2017_T2_R1_RNA	2017	wet	2017	2963.520996				k141_430921	4559	4760	+
STRG.6686		asRNA	186	AD_S1_2017_T2_R1_RNA	2017	wet	2017	1612.959717	-1.3958412053806897	0.010077340267484122	0.020154680534968245	k141_352580	6037	6223	+
STRG.1546		asRNA	274	AD_S1_2017_T2_R1_RNA	2017	wet	2017	829.724365				k141_541288	2594	2868	+
STRG.1586		asRNA	300	AD_S1_2017_T2_R1_RNA	2017	wet	2017	1328.094482				k141_7604	5936	6236	+
STRG.1587		itsRNA	236	AD_S1_2017_T2_R1_RNA	2017	wet	2017	6498.8447270000015				k141_180069	5243	5479	-
STRG.1588		itsRNA	209	AD_S1_2017_T2_R1_RNA	2017	wet	2017	52139.78125				k141_180069	6606	6815	-
STRG.1588		asRNA	436	AD_S1_2017_T2_R1_RNA	2017	wet	2017	52139.78125				k141_447289	5850	6286	-
STRG.1812		asRNA	287	AD_S1_2017_T2_R1_RNA	2017	wet	2017	1671.6442869999996				k141_134336	643	930	+
STRG.1853		asRNA	331	AD_S1_2017_T2_R1_RNA	2017	wet	2017	944.771973				k141_354637	3869	4200	-
STRG.1969		asRNA	195	AD_S1_2017_T2_R1_RNA	2017	wet	2017	2896.562988				k141_638309	1585	1780	-
STRG.1978		asRNA	232	AD_S1_2017_T2_R1_RNA	2017	wet	2017	3234.149902				k141_701321	724	956	-
STRG.1984		asRNA	453	AD_S1_2017_T2_R1_RNA	2017	wet	2017	1169.165405				k141_748594	5870	6323	-
STRG.1986		asRNA	443	AD_S1_2017_T2_R1_RNA	2017	wet	2017	845.210327				k141_481158	8291	8734	-
STRG.1996		asRNA	243	AD_S1_2017_T2_R1_RNA	2017	wet	2017	3825.274902				k141_654228	3610	3853	-
STRG.2011		itsRNA	154	AD_S1_2017_T2_R1_RNA	2017	wet	2017	2084.492188				k141_198464	10918	11072	-
STRG.2092		itsRNA	224	AD_S1_2017_T2_R1_RNA	2017	wet	2017	5388.060059				k141_277650	1662	1886	-
STRG.2099		itsRNA	239	AD_S1_2017_T2_R1_RNA	2017	wet	2017	1820.343384				k141_120891	603	842	+
STRG.2221		asRNA	448	AD_S1_2017_T2_R1_RNA	2017	wet	2017	2691.538086				k141_593232	3874	4322	+
STRG.2339		asRNA	410	AD_S1_2017_T2_R1_RNA	2017	wet	2017	1325.177734				k141_625337	6189	6599	-
STRG.2342		asRNA	184	AD_S1_2017_T2_R1_RNA	2017	wet	2017	181.155289				k141_484160	9753	9937	+
STRG.2374		itsRNA	321	AD_S1_2017_T2_R1_RNA	2017	wet	2017	62368.15234400001				k141_29109	1588	1909	+
STRG.2574		asRNA	272	AD_S1_2017_T2_R1_RNA	2017	wet	2017	2323.635254				k141_31077	8647	8919	+
STRG.2595		itsRNA	321	AD_S1_2017_T2_R1_RNA	2017	wet	2017	51849.222656				k141_596688	756	1077	-
STRG.2646		asRNA	399	AD_S1_2017_T2_R1_RNA	2017	wet	2017	1927.900879	-0.269648910910311	0.6172441134610126	0.6172441134610126	k141_112307	9979	10378	-
STRG.2646		asRNA	411	AD_S1_2017_T2_R1_RNA	2017	wet	2017	1927.900879	-0.269648910910311	0.6172441134610126	0.6172441134610126	k141_628520	1914	2325	+
STRG.284		asRNA	300	AD_S1_2017_T2_R1_RNA	2017	wet	2017	2122.151123				k141_1191	2108	2408	+
STRG.308		asRNA	348	AD_S1_2017_T2_R1_RNA	2017	wet	2017	7085.936035				k141_488481	1492	1840	-
STRG.322		itsRNA	364	AD_S1_2017_T2_R1_RNA	2017	wet	2017	377500.65625				k141_299873	3439	3803	+
STRG.328		asRNA	327	AD_S1_2017_T2_R1_RNA	2017	wet	2017	3742.577637				k141_520032	5418	5745	+
STRG.354		asRNA	258	AD_S1_2017_T2_R1_RNA	2017	wet	2017	0.0				k141_237112	7390	7648	-
STRG.481		asRNA	381	AD_S1_2017_T2_R1_RNA	2017	wet	2017	22119.558594				k141_331844	1747	2128	+
STRG.493		asRNA	161	AD_S1_2017_T2_R1_RNA	2017	wet	2017	3520.587891				k141_505111	9512	9673	+
STRG.505		itsRNA	154	AD_S1_2017_T2_R1_RNA	2017	wet	2017	9211.901367				k141_520608	3825	3979	+
STRG.511		itsRNA	300	AD_S1_2017_T2_R1_RNA	2017	wet	2017	19178.03125				k141_489127	264	564	-
STRG.551		asRNA	189	AD_S1_2017_T2_R1_RNA	2017	wet	2017	952.706299				k141_709204	339	528	-
STRG.58		asRNA	322	AD_S1_2017_T2_R1_RNA	2017	wet	2017	1412.22229				k141_691931	7458	7780	+
STRG.585		asRNA	225	AD_S1_2017_T2_R1_RNA	2017	wet	2017	4661.836426				k141_363712	22133	22358	-
STRG.629		asRNA	437	AD_S1_2017_T2_R1_RNA	2017	wet	2017	1440.962402				k141_253677	18931	19368	-
STRG.641		asRNA	246	AD_S1_2017_T2_R1_RNA	2017	wet	2017	13011.762695				k141_112307	1436	1682	+
STRG.651		itsRNA	188	AD_S1_2017_T2_R1_RNA	2017	wet	2017	2324.288818				k141_300884	4208	4396	+
STRG.654		asRNA	278	AD_S1_2017_T2_R1_RNA	2017	wet	2017	2802.340332				k141_442514	2287	2565	+
STRG.678		asRNA	383	AD_S1_2017_T2_R1_RNA	2017	wet	2017	36684.894531				k141_2676	3181	3564	-
STRG.82		asRNA	451	AD_S1_2017_T2_R1_RNA	2017	wet	2017	11297.182617				k141_78967	7437	7888	-
STRG.838		asRNA	348	AD_S1_2017_T2_R1_RNA	2017	wet	2017	40434.621094				k141_474751	2337	2685	-
STRG.855		asRNA	341	AD_S1_2017_T2_R1_RNA	2017	wet	2017	3372.8479				k141_364907	2968	3309	+
STRG.945		asRNA	311	AD_S1_2017_T2_R1_RNA	2017	wet	2017	2886.075195				k141_443819	9309	9620	-
STRG.995		asRNA	159	AD_S1_2017_T2_R1_RNA	2017	wet	2017	5138.6865229999985				k141_664163	1474	1633	+
STRG.999		itsRNA	153	AD_S1_2017_T2_R1_RNA	2017	wet	2017	774.055115				k141_82593	2899	3052	+
STRG.1006		asRNA	478	AD_S1_2017_T2_R2_RNA	2017	wet	2017	11310.757812				k141_271406	3430	3908	+
STRG.1019		asRNA	329	AD_S1_2017_T2_R2_RNA	2017	wet	2017	8589.604492				k141_491235	1610	1939	+
STRG.1052		asRNA	248	AD_S1_2017_T2_R2_RNA	2017	wet	2017	345.059509				k141_334271	7840	8088	-
STRG.1078		asRNA	297	AD_S1_2017_T2_R2_RNA	2017	wet	2017	4218.184082				k141_475914	1445	1742	-
STRG.1108		asRNA	333	AD_S1_2017_T2_R2_RNA	2017	wet	2017	1683.8388670000004				k141_413186	2507	2840	-
STRG.1125		itsRNA	259	AD_S1_2017_T2_R2_RNA	2017	wet	2017	95838.9375				k141_554933	7819	8078	-
STRG.1147		asRNA	383	AD_S1_2017_T2_R2_RNA	2017	wet	2017	6085.680664				k141_114890	2114	2497	-
STRG.1189		asRNA	212	AD_S1_2017_T2_R2_RNA	2017	wet	2017	265.23587000000003				k141_162022	4220	4432	-
STRG.1209		asRNA	264	AD_S1_2017_T2_R2_RNA	2017	wet	2017	4968.5004880000015				k141_586563	7683	7947	-
STRG.1211		asRNA	340	AD_S1_2017_T2_R2_RNA	2017	wet	2017	3904.871338				k141_586563	8321	8661	-
STRG.1223		asRNA	477	AD_S1_2017_T2_R2_RNA	2017	wet	2017	123.115456				k141_272513	1816	2293	+
STRG.1295		asRNA	471	AD_S1_2017_T2_R2_RNA	2017	wet	2017	63688.04296900001				k141_712625	7172	7643	-
STRG.1340		asRNA	496	AD_S1_2017_T2_R2_RNA	2017	wet	2017	2684.723145				k141_383197	2838	3334	-
STRG.1384		itsRNA	268	AD_S1_2017_T2_R2_RNA	2017	wet	2017	579.011902				k141_713005	348	616	+
STRG.1445		asRNA	334	AD_S1_2017_T2_R2_RNA	2017	wet	2017	435.074249				k141_572615	401	735	+
STRG.1447		asRNA	416	AD_S1_2017_T2_R2_RNA	2017	wet	2017	518.39978				k141_650747	2760	3176	+
STRG.1487		asRNA	201	AD_S1_2017_T2_R2_RNA	2017	wet	2017	3285.260986				k141_430921	4559	4760	+
STRG.6686		asRNA	186	AD_S1_2017_T2_R2_RNA	2017	wet	2017	1244.120239	-1.3958412053806897	0.010077340267484122	0.020154680534968245	k141_352580	6037	6223	+
STRG.1546		asRNA	274	AD_S1_2017_T2_R2_RNA	2017	wet	2017	1398.114258				k141_541288	2594	2868	+
STRG.1586		asRNA	300	AD_S1_2017_T2_R2_RNA	2017	wet	2017	1354.9001460000004				k141_7604	5936	6236	+
STRG.1587		itsRNA	236	AD_S1_2017_T2_R2_RNA	2017	wet	2017	9716.325195				k141_180069	5243	5479	-
STRG.1588		itsRNA	209	AD_S1_2017_T2_R2_RNA	2017	wet	2017	70335.992188				k141_180069	6606	6815	-
STRG.1588		asRNA	436	AD_S1_2017_T2_R2_RNA	2017	wet	2017	70335.992188				k141_447289	5850	6286	-
STRG.1812		asRNA	287	AD_S1_2017_T2_R2_RNA	2017	wet	2017	2720.412842				k141_134336	643	930	+
STRG.1853		asRNA	331	AD_S1_2017_T2_R2_RNA	2017	wet	2017	1339.469116				k141_354637	3869	4200	-
STRG.1969		asRNA	195	AD_S1_2017_T2_R2_RNA	2017	wet	2017	6364.320312				k141_638309	1585	1780	-
STRG.1978		asRNA	232	AD_S1_2017_T2_R2_RNA	2017	wet	2017	500.091827				k141_701321	724	956	-
STRG.1984		asRNA	453	AD_S1_2017_T2_R2_RNA	2017	wet	2017	1262.535522				k141_748594	5870	6323	-
STRG.1986		asRNA	443	AD_S1_2017_T2_R2_RNA	2017	wet	2017	373.330078				k141_481158	8291	8734	-
STRG.1996		asRNA	243	AD_S1_2017_T2_R2_RNA	2017	wet	2017	1558.056519				k141_654228	3610	3853	-
STRG.2011		itsRNA	154	AD_S1_2017_T2_R2_RNA	2017	wet	2017	5233.148926				k141_198464	10918	11072	-
STRG.2092		itsRNA	224	AD_S1_2017_T2_R2_RNA	2017	wet	2017	5564.08252				k141_277650	1662	1886	-
STRG.2099		itsRNA	239	AD_S1_2017_T2_R2_RNA	2017	wet	2017	12564.303711				k141_120891	603	842	+
STRG.2221		asRNA	448	AD_S1_2017_T2_R2_RNA	2017	wet	2017	4075.317383				k141_593232	3874	4322	+
STRG.2339		asRNA	410	AD_S1_2017_T2_R2_RNA	2017	wet	2017	2237.510254				k141_625337	6189	6599	-
STRG.2342		asRNA	184	AD_S1_2017_T2_R2_RNA	2017	wet	2017	3007.1408690000007				k141_484160	9753	9937	+
STRG.2374		itsRNA	321	AD_S1_2017_T2_R2_RNA	2017	wet	2017	55589.33984400001				k141_29109	1588	1909	+
STRG.2574		asRNA	272	AD_S1_2017_T2_R2_RNA	2017	wet	2017	14350.869141				k141_31077	8647	8919	+
STRG.2595		itsRNA	321	AD_S1_2017_T2_R2_RNA	2017	wet	2017	128635.4375				k141_596688	756	1077	-
STRG.2646		asRNA	399	AD_S1_2017_T2_R2_RNA	2017	wet	2017	673.242432	-0.269648910910311	0.6172441134610126	0.6172441134610126	k141_112307	9979	10378	-
STRG.2646		asRNA	411	AD_S1_2017_T2_R2_RNA	2017	wet	2017	673.242432	-0.269648910910311	0.6172441134610126	0.6172441134610126	k141_628520	1914	2325	+
STRG.284		asRNA	300	AD_S1_2017_T2_R2_RNA	2017	wet	2017	2099.801758				k141_1191	2108	2408	+
STRG.308		asRNA	348	AD_S1_2017_T2_R2_RNA	2017	wet	2017	4289.19043				k141_488481	1492	1840	-
STRG.322		itsRNA	364	AD_S1_2017_T2_R2_RNA	2017	wet	2017	297707.59375				k141_299873	3439	3803	+
STRG.328		asRNA	327	AD_S1_2017_T2_R2_RNA	2017	wet	2017	9009.788086				k141_520032	5418	5745	+
STRG.354		asRNA	258	AD_S1_2017_T2_R2_RNA	2017	wet	2017	594.551086				k141_237112	7390	7648	-
STRG.481		asRNA	381	AD_S1_2017_T2_R2_RNA	2017	wet	2017	3998.76709				k141_331844	1747	2128	+
STRG.493		asRNA	161	AD_S1_2017_T2_R2_RNA	2017	wet	2017	3193.114014				k141_505111	9512	9673	+
STRG.505		itsRNA	154	AD_S1_2017_T2_R2_RNA	2017	wet	2017	7671.910645				k141_520608	3825	3979	+
STRG.511		itsRNA	300	AD_S1_2017_T2_R2_RNA	2017	wet	2017	5935.752441				k141_489127	264	564	-
STRG.551		asRNA	189	AD_S1_2017_T2_R2_RNA	2017	wet	2017	603.978516				k141_709204	339	528	-
STRG.58		asRNA	322	AD_S1_2017_T2_R2_RNA	2017	wet	2017	2784.556641				k141_691931	7458	7780	+
STRG.585		asRNA	225	AD_S1_2017_T2_R2_RNA	2017	wet	2017	1464.285889				k141_363712	22133	22358	-
STRG.629		asRNA	437	AD_S1_2017_T2_R2_RNA	2017	wet	2017	535.19635				k141_253677	18931	19368	-
STRG.641		asRNA	246	AD_S1_2017_T2_R2_RNA	2017	wet	2017	13881.580078				k141_112307	1436	1682	+
STRG.651		itsRNA	188	AD_S1_2017_T2_R2_RNA	2017	wet	2017	311.37149				k141_300884	4208	4396	+
STRG.654		asRNA	278	AD_S1_2017_T2_R2_RNA	2017	wet	2017	1913.829224				k141_442514	2287	2565	+
STRG.678		asRNA	383	AD_S1_2017_T2_R2_RNA	2017	wet	2017	4624.1572270000015				k141_2676	3181	3564	-
STRG.82		asRNA	451	AD_S1_2017_T2_R2_RNA	2017	wet	2017	1262.046143				k141_78967	7437	7888	-
STRG.838		asRNA	348	AD_S1_2017_T2_R2_RNA	2017	wet	2017	91136.4375				k141_474751	2337	2685	-
STRG.855		asRNA	341	AD_S1_2017_T2_R2_RNA	2017	wet	2017	769.1693730000002				k141_364907	2968	3309	+
STRG.945		asRNA	311	AD_S1_2017_T2_R2_RNA	2017	wet	2017	2452.049805				k141_443819	9309	9620	-
STRG.995		asRNA	159	AD_S1_2017_T2_R2_RNA	2017	wet	2017	4298.443848				k141_664163	1474	1633	+
STRG.999		itsRNA	153	AD_S1_2017_T2_R2_RNA	2017	wet	2017	569.38501				k141_82593	2899	3052	+
STRG.1006		asRNA	478	AD_S1_2017_T2_R3_RNA	2017	wet	2017	5091.519531				k141_271406	3430	3908	+
STRG.1019		asRNA	329	AD_S1_2017_T2_R3_RNA	2017	wet	2017	11640.541016				k141_491235	1610	1939	+
STRG.1052		asRNA	248	AD_S1_2017_T2_R3_RNA	2017	wet	2017	1031.411255				k141_334271	7840	8088	-
STRG.1078		asRNA	297	AD_S1_2017_T2_R3_RNA	2017	wet	2017	1312.380615				k141_475914	1445	1742	-
STRG.1108		asRNA	333	AD_S1_2017_T2_R3_RNA	2017	wet	2017	6250.080566				k141_413186	2507	2840	-
STRG.1125		itsRNA	259	AD_S1_2017_T2_R3_RNA	2017	wet	2017	72480.382812				k141_554933	7819	8078	-
STRG.1147		asRNA	383	AD_S1_2017_T2_R3_RNA	2017	wet	2017	1575.632568				k141_114890	2114	2497	-
STRG.1189		asRNA	212	AD_S1_2017_T2_R3_RNA	2017	wet	2017	811.679749				k141_162022	4220	4432	-
STRG.1209		asRNA	264	AD_S1_2017_T2_R3_RNA	2017	wet	2017	1548.67688				k141_586563	7683	7947	-
STRG.1211		asRNA	340	AD_S1_2017_T2_R3_RNA	2017	wet	2017	1799.235352				k141_586563	8321	8661	-
STRG.1223		asRNA	477	AD_S1_2017_T2_R3_RNA	2017	wet	2017	213.028137				k141_272513	1816	2293	+
STRG.1295		asRNA	471	AD_S1_2017_T2_R3_RNA	2017	wet	2017	50994.992188				k141_712625	7172	7643	-
STRG.1340		asRNA	496	AD_S1_2017_T2_R3_RNA	2017	wet	2017	227.93692				k141_383197	2838	3334	-
STRG.1384		itsRNA	268	AD_S1_2017_T2_R3_RNA	2017	wet	2017	1314.6032710000004				k141_713005	348	616	+
STRG.1445		asRNA	334	AD_S1_2017_T2_R3_RNA	2017	wet	2017	204.81926				k141_572615	401	735	+
STRG.1447		asRNA	416	AD_S1_2017_T2_R3_RNA	2017	wet	2017	166.703995				k141_650747	2760	3176	+
STRG.1487		asRNA	201	AD_S1_2017_T2_R3_RNA	2017	wet	2017	2672.156006				k141_430921	4559	4760	+
STRG.6686		asRNA	186	AD_S1_2017_T2_R3_RNA	2017	wet	2017	1709.32019	-1.3958412053806897	0.010077340267484122	0.020154680534968245	k141_352580	6037	6223	+
STRG.1546		asRNA	274	AD_S1_2017_T2_R3_RNA	2017	wet	2017	0.0				k141_541288	2594	2868	+
STRG.1586		asRNA	300	AD_S1_2017_T2_R3_RNA	2017	wet	2017	984.525818				k141_7604	5936	6236	+
STRG.1587		itsRNA	236	AD_S1_2017_T2_R3_RNA	2017	wet	2017	4473.0478520000015				k141_180069	5243	5479	-
STRG.1588		itsRNA	209	AD_S1_2017_T2_R3_RNA	2017	wet	2017	54259.53515599999				k141_180069	6606	6815	-
STRG.1588		asRNA	436	AD_S1_2017_T2_R3_RNA	2017	wet	2017	54259.53515599999				k141_447289	5850	6286	-
STRG.1812		asRNA	287	AD_S1_2017_T2_R3_RNA	2017	wet	2017	819.3289179999998				k141_134336	643	930	+
STRG.1853		asRNA	331	AD_S1_2017_T2_R3_RNA	2017	wet	2017	777.048096				k141_354637	3869	4200	-
STRG.1969		asRNA	195	AD_S1_2017_T2_R3_RNA	2017	wet	2017	1541.50647				k141_638309	1585	1780	-
STRG.1978		asRNA	232	AD_S1_2017_T2_R3_RNA	2017	wet	2017	2518.295654				k141_701321	724	956	-
STRG.1984		asRNA	453	AD_S1_2017_T2_R3_RNA	2017	wet	2017	415.403412				k141_748594	5870	6323	-
STRG.1986		asRNA	443	AD_S1_2017_T2_R3_RNA	2017	wet	2017	61.466824				k141_481158	8291	8734	-
STRG.1996		asRNA	243	AD_S1_2017_T2_R3_RNA	2017	wet	2017	2096.651855				k141_654228	3610	3853	-
STRG.2011		itsRNA	154	AD_S1_2017_T2_R3_RNA	2017	wet	2017	7414.994140999999				k141_198464	10918	11072	-
STRG.2092		itsRNA	224	AD_S1_2017_T2_R3_RNA	2017	wet	2017	7987.710448999998				k141_277650	1662	1886	-
STRG.2099		itsRNA	239	AD_S1_2017_T2_R3_RNA	2017	wet	2017	7129.637206999999				k141_120891	603	842	+
STRG.2221		asRNA	448	AD_S1_2017_T2_R3_RNA	2017	wet	2017	2526.196777				k141_593232	3874	4322	+
STRG.2339		asRNA	410	AD_S1_2017_T2_R3_RNA	2017	wet	2017	2179.369629				k141_625337	6189	6599	-
STRG.2342		asRNA	184	AD_S1_2017_T2_R3_RNA	2017	wet	2017	3154.990723				k141_484160	9753	9937	+
STRG.2374		itsRNA	321	AD_S1_2017_T2_R3_RNA	2017	wet	2017	29487.746094				k141_29109	1588	1909	+
STRG.2574		asRNA	272	AD_S1_2017_T2_R3_RNA	2017	wet	2017	2500.14624				k141_31077	8647	8919	+
STRG.2595		itsRNA	321	AD_S1_2017_T2_R3_RNA	2017	wet	2017	74425.398438				k141_596688	756	1077	-
STRG.2646		asRNA	399	AD_S1_2017_T2_R3_RNA	2017	wet	2017	816.76416	-0.269648910910311	0.6172441134610126	0.6172441134610126	k141_112307	9979	10378	-
STRG.2646		asRNA	411	AD_S1_2017_T2_R3_RNA	2017	wet	2017	816.76416	-0.269648910910311	0.6172441134610126	0.6172441134610126	k141_628520	1914	2325	+
STRG.284		asRNA	300	AD_S1_2017_T2_R3_RNA	2017	wet	2017	315.20224				k141_1191	2108	2408	+
STRG.308		asRNA	348	AD_S1_2017_T2_R3_RNA	2017	wet	2017	2391.32666				k141_488481	1492	1840	-
STRG.322		itsRNA	364	AD_S1_2017_T2_R3_RNA	2017	wet	2017	431632.0625				k141_299873	3439	3803	+
STRG.328		asRNA	327	AD_S1_2017_T2_R3_RNA	2017	wet	2017	6205.064453				k141_520032	5418	5745	+
STRG.354		asRNA	258	AD_S1_2017_T2_R3_RNA	2017	wet	2017	1263.9646				k141_237112	7390	7648	-
STRG.481		asRNA	381	AD_S1_2017_T2_R3_RNA	2017	wet	2017	4103.938965				k141_331844	1747	2128	+
STRG.493		asRNA	161	AD_S1_2017_T2_R3_RNA	2017	wet	2017	2681.927979				k141_505111	9512	9673	+
STRG.505		itsRNA	154	AD_S1_2017_T2_R3_RNA	2017	wet	2017	8940.682617				k141_520608	3825	3979	+
STRG.511		itsRNA	300	AD_S1_2017_T2_R3_RNA	2017	wet	2017	2777.799805				k141_489127	264	564	-
STRG.551		asRNA	189	AD_S1_2017_T2_R3_RNA	2017	wet	2017	0.0				k141_709204	339	528	-
STRG.58		asRNA	322	AD_S1_2017_T2_R3_RNA	2017	wet	2017	1947.328613				k141_691931	7458	7780	+
STRG.585		asRNA	225	AD_S1_2017_T2_R3_RNA	2017	wet	2017	550.815735				k141_363712	22133	22358	-
STRG.629		asRNA	437	AD_S1_2017_T2_R3_RNA	2017	wet	2017	884.9626460000002				k141_253677	18931	19368	-
STRG.641		asRNA	246	AD_S1_2017_T2_R3_RNA	2017	wet	2017	4670.333496				k141_112307	1436	1682	+
STRG.651		itsRNA	188	AD_S1_2017_T2_R3_RNA	2017	wet	2017	1198.098022				k141_300884	4208	4396	+
STRG.654		asRNA	278	AD_S1_2017_T2_R3_RNA	2017	wet	2017	1029.398926				k141_442514	2287	2565	+
STRG.678		asRNA	383	AD_S1_2017_T2_R3_RNA	2017	wet	2017	1661.119019				k141_2676	3181	3564	-
STRG.82		asRNA	451	AD_S1_2017_T2_R3_RNA	2017	wet	2017	2425.412109				k141_78967	7437	7888	-
STRG.838		asRNA	348	AD_S1_2017_T2_R3_RNA	2017	wet	2017	150887.796875				k141_474751	2337	2685	-
STRG.855		asRNA	341	AD_S1_2017_T2_R3_RNA	2017	wet	2017	2202.380127				k141_364907	2968	3309	+
STRG.945		asRNA	311	AD_S1_2017_T2_R3_RNA	2017	wet	2017	2404.657471				k141_443819	9309	9620	-
STRG.995		asRNA	159	AD_S1_2017_T2_R3_RNA	2017	wet	2017	2159.488281				k141_664163	1474	1633	+
STRG.999		itsRNA	153	AD_S1_2017_T2_R3_RNA	2017	wet	2017	875.2139890000002				k141_82593	2899	3052	+
STRG.1006		asRNA	478	AD_S1_2017_T2_R4_RNA	2017	wet	2017	8410.240234				k141_271406	3430	3908	+
STRG.1019		asRNA	329	AD_S1_2017_T2_R4_RNA	2017	wet	2017	13582.197266				k141_491235	1610	1939	+
STRG.1052		asRNA	248	AD_S1_2017_T2_R4_RNA	2017	wet	2017	3932.361572				k141_334271	7840	8088	-
STRG.1078		asRNA	297	AD_S1_2017_T2_R4_RNA	2017	wet	2017	17686.462891				k141_475914	1445	1742	-
STRG.1108		asRNA	333	AD_S1_2017_T2_R4_RNA	2017	wet	2017	16192.445312				k141_413186	2507	2840	-
STRG.1125		itsRNA	259	AD_S1_2017_T2_R4_RNA	2017	wet	2017	61297.77734400001				k141_554933	7819	8078	-
STRG.1147		asRNA	383	AD_S1_2017_T2_R4_RNA	2017	wet	2017	5955.756836				k141_114890	2114	2497	-
STRG.1189		asRNA	212	AD_S1_2017_T2_R4_RNA	2017	wet	2017	3479.0031740000004				k141_162022	4220	4432	-
STRG.1209		asRNA	264	AD_S1_2017_T2_R4_RNA	2017	wet	2017	24857.388672				k141_586563	7683	7947	-
STRG.1211		asRNA	340	AD_S1_2017_T2_R4_RNA	2017	wet	2017	16329.506836000002				k141_586563	8321	8661	-
STRG.1223		asRNA	477	AD_S1_2017_T2_R4_RNA	2017	wet	2017	470.875397				k141_272513	1816	2293	+
STRG.1295		asRNA	471	AD_S1_2017_T2_R4_RNA	2017	wet	2017	67110.453125				k141_712625	7172	7643	-
STRG.1340		asRNA	496	AD_S1_2017_T2_R4_RNA	2017	wet	2017	160.78381299999995				k141_383197	2838	3334	-
STRG.1384		itsRNA	268	AD_S1_2017_T2_R4_RNA	2017	wet	2017	794.144287				k141_713005	348	616	+
STRG.1445		asRNA	334	AD_S1_2017_T2_R4_RNA	2017	wet	2017	5718.5009770000015				k141_572615	401	735	+
STRG.1447		asRNA	416	AD_S1_2017_T2_R4_RNA	2017	wet	2017	5329.2177729999985				k141_650747	2760	3176	+
STRG.1487		asRNA	201	AD_S1_2017_T2_R4_RNA	2017	wet	2017	6047.27832				k141_430921	4559	4760	+
STRG.6686		asRNA	186	AD_S1_2017_T2_R4_RNA	2017	wet	2017	3652.192871	-1.3958412053806897	0.010077340267484122	0.020154680534968245	k141_352580	6037	6223	+
STRG.1546		asRNA	274	AD_S1_2017_T2_R4_RNA	2017	wet	2017	2237.466553				k141_541288	2594	2868	+
STRG.1586		asRNA	300	AD_S1_2017_T2_R4_RNA	2017	wet	2017	2374.277344				k141_7604	5936	6236	+
STRG.1587		itsRNA	236	AD_S1_2017_T2_R4_RNA	2017	wet	2017	6187.087402				k141_180069	5243	5479	-
STRG.1588		itsRNA	209	AD_S1_2017_T2_R4_RNA	2017	wet	2017	105561.742188				k141_180069	6606	6815	-
STRG.1588		asRNA	436	AD_S1_2017_T2_R4_RNA	2017	wet	2017	105561.742188				k141_447289	5850	6286	-
STRG.1812		asRNA	287	AD_S1_2017_T2_R4_RNA	2017	wet	2017	2440.755127				k141_134336	643	930	+
STRG.1853		asRNA	331	AD_S1_2017_T2_R4_RNA	2017	wet	2017	1335.836792				k141_354637	3869	4200	-
STRG.1969		asRNA	195	AD_S1_2017_T2_R4_RNA	2017	wet	2017	7581.891113				k141_638309	1585	1780	-
STRG.1978		asRNA	232	AD_S1_2017_T2_R4_RNA	2017	wet	2017	3723.394775				k141_701321	724	956	-
STRG.1984		asRNA	453	AD_S1_2017_T2_R4_RNA	2017	wet	2017	1524.851929				k141_748594	5870	6323	-
STRG.1986		asRNA	443	AD_S1_2017_T2_R4_RNA	2017	wet	2017	538.7292480000001				k141_481158	8291	8734	-
STRG.1996		asRNA	243	AD_S1_2017_T2_R4_RNA	2017	wet	2017	5262.893555				k141_654228	3610	3853	-
STRG.2011		itsRNA	154	AD_S1_2017_T2_R4_RNA	2017	wet	2017	702.8601679999998				k141_198464	10918	11072	-
STRG.2092		itsRNA	224	AD_S1_2017_T2_R4_RNA	2017	wet	2017	6128.76416				k141_277650	1662	1886	-
STRG.2099		itsRNA	239	AD_S1_2017_T2_R4_RNA	2017	wet	2017	5160.823242				k141_120891	603	842	+
STRG.2221		asRNA	448	AD_S1_2017_T2_R4_RNA	2017	wet	2017	4058.953369				k141_593232	3874	4322	+
STRG.2339		asRNA	410	AD_S1_2017_T2_R4_RNA	2017	wet	2017	3954.646484				k141_625337	6189	6599	-
STRG.2342		asRNA	184	AD_S1_2017_T2_R4_RNA	2017	wet	2017	9239.267578				k141_484160	9753	9937	+
STRG.2374		itsRNA	321	AD_S1_2017_T2_R4_RNA	2017	wet	2017	15052.108397999997				k141_29109	1588	1909	+
STRG.2574		asRNA	272	AD_S1_2017_T2_R4_RNA	2017	wet	2017	1362.071899				k141_31077	8647	8919	+
STRG.2595		itsRNA	321	AD_S1_2017_T2_R4_RNA	2017	wet	2017	51253.769531				k141_596688	756	1077	-
STRG.2646		asRNA	399	AD_S1_2017_T2_R4_RNA	2017	wet	2017	1183.126587	-0.269648910910311	0.6172441134610126	0.6172441134610126	k141_112307	9979	10378	-
STRG.2646		asRNA	411	AD_S1_2017_T2_R4_RNA	2017	wet	2017	1183.126587	-0.269648910910311	0.6172441134610126	0.6172441134610126	k141_628520	1914	2325	+
STRG.284		asRNA	300	AD_S1_2017_T2_R4_RNA	2017	wet	2017	2303.482666				k141_1191	2108	2408	+
STRG.308		asRNA	348	AD_S1_2017_T2_R4_RNA	2017	wet	2017	11275.103516				k141_488481	1492	1840	-
STRG.322		itsRNA	364	AD_S1_2017_T2_R4_RNA	2017	wet	2017	303314.65625				k141_299873	3439	3803	+
STRG.328		asRNA	327	AD_S1_2017_T2_R4_RNA	2017	wet	2017	5279.388184				k141_520032	5418	5745	+
STRG.354		asRNA	258	AD_S1_2017_T2_R4_RNA	2017	wet	2017	2952.641113				k141_237112	7390	7648	-
STRG.481		asRNA	381	AD_S1_2017_T2_R4_RNA	2017	wet	2017	21185.785156				k141_331844	1747	2128	+
STRG.493		asRNA	161	AD_S1_2017_T2_R4_RNA	2017	wet	2017	3385.467285				k141_505111	9512	9673	+
STRG.505		itsRNA	154	AD_S1_2017_T2_R4_RNA	2017	wet	2017	26291.091797				k141_520608	3825	3979	+
STRG.511		itsRNA	300	AD_S1_2017_T2_R4_RNA	2017	wet	2017	5436.148438				k141_489127	264	564	-
STRG.551		asRNA	189	AD_S1_2017_T2_R4_RNA	2017	wet	2017	2095.872559				k141_709204	339	528	-
STRG.58		asRNA	322	AD_S1_2017_T2_R4_RNA	2017	wet	2017	216.885361				k141_691931	7458	7780	+
STRG.585		asRNA	225	AD_S1_2017_T2_R4_RNA	2017	wet	2017	500.907776				k141_363712	22133	22358	-
STRG.629		asRNA	437	AD_S1_2017_T2_R4_RNA	2017	wet	2017	2485.46582				k141_253677	18931	19368	-
STRG.641		asRNA	246	AD_S1_2017_T2_R4_RNA	2017	wet	2017	7307.246094				k141_112307	1436	1682	+
STRG.651		itsRNA	188	AD_S1_2017_T2_R4_RNA	2017	wet	2017	1023.180176				k141_300884	4208	4396	+
STRG.654		asRNA	278	AD_S1_2017_T2_R4_RNA	2017	wet	2017	5536.383789				k141_442514	2287	2565	+
STRG.678		asRNA	383	AD_S1_2017_T2_R4_RNA	2017	wet	2017	3403.784912				k141_2676	3181	3564	-
STRG.82		asRNA	451	AD_S1_2017_T2_R4_RNA	2017	wet	2017	4610.119629				k141_78967	7437	7888	-
STRG.838		asRNA	348	AD_S1_2017_T2_R4_RNA	2017	wet	2017	80758.992188				k141_474751	2337	2685	-
STRG.855		asRNA	341	AD_S1_2017_T2_R4_RNA	2017	wet	2017	2799.94873				k141_364907	2968	3309	+
STRG.945		asRNA	311	AD_S1_2017_T2_R4_RNA	2017	wet	2017	3391.032227				k141_443819	9309	9620	-
STRG.995		asRNA	159	AD_S1_2017_T2_R4_RNA	2017	wet	2017	5049.283203				k141_664163	1474	1633	+
STRG.999		itsRNA	153	AD_S1_2017_T2_R4_RNA	2017	wet	2017	518.893005				k141_82593	2899	3052	+
STRG.1006		asRNA	478	AD_S1_2017_T2_R5_RNA	2017	wet	2017	6007.902832				k141_271406	3430	3908	+
STRG.1019		asRNA	329	AD_S1_2017_T2_R5_RNA	2017	wet	2017	10748.429688				k141_491235	1610	1939	+
STRG.1052		asRNA	248	AD_S1_2017_T2_R5_RNA	2017	wet	2017	2036.450928				k141_334271	7840	8088	-
STRG.1078		asRNA	297	AD_S1_2017_T2_R5_RNA	2017	wet	2017	3369.950684000001				k141_475914	1445	1742	-
STRG.1108		asRNA	333	AD_S1_2017_T2_R5_RNA	2017	wet	2017	3550.988525				k141_413186	2507	2840	-
STRG.1125		itsRNA	259	AD_S1_2017_T2_R5_RNA	2017	wet	2017	26548.931641				k141_554933	7819	8078	-
STRG.1147		asRNA	383	AD_S1_2017_T2_R5_RNA	2017	wet	2017	3222.704102				k141_114890	2114	2497	-
STRG.1189		asRNA	212	AD_S1_2017_T2_R5_RNA	2017	wet	2017	1462.352783				k141_162022	4220	4432	-
STRG.1209		asRNA	264	AD_S1_2017_T2_R5_RNA	2017	wet	2017	8416.43457				k141_586563	7683	7947	-
STRG.1211		asRNA	340	AD_S1_2017_T2_R5_RNA	2017	wet	2017	3991.818359				k141_586563	8321	8661	-
STRG.1223		asRNA	477	AD_S1_2017_T2_R5_RNA	2017	wet	2017	1143.73584				k141_272513	1816	2293	+
STRG.1295		asRNA	471	AD_S1_2017_T2_R5_RNA	2017	wet	2017	53969.81640599999				k141_712625	7172	7643	-
STRG.1340		asRNA	496	AD_S1_2017_T2_R5_RNA	2017	wet	2017	0.0				k141_383197	2838	3334	-
STRG.1384		itsRNA	268	AD_S1_2017_T2_R5_RNA	2017	wet	2017	357.142334				k141_713005	348	616	+
STRG.1445		asRNA	334	AD_S1_2017_T2_R5_RNA	2017	wet	2017	574.9042969999998				k141_572615	401	735	+
STRG.1447		asRNA	416	AD_S1_2017_T2_R5_RNA	2017	wet	2017	1974.846802				k141_650747	2760	3176	+
STRG.1487		asRNA	201	AD_S1_2017_T2_R5_RNA	2017	wet	2017	2255.386719				k141_430921	4559	4760	+
STRG.6686		asRNA	186	AD_S1_2017_T2_R5_RNA	2017	wet	2017	1300.430298	-1.3958412053806897	0.010077340267484122	0.020154680534968245	k141_352580	6037	6223	+
STRG.1546		asRNA	274	AD_S1_2017_T2_R5_RNA	2017	wet	2017	9572.194336				k141_541288	2594	2868	+
STRG.1586		asRNA	300	AD_S1_2017_T2_R5_RNA	2017	wet	2017	871.244568				k141_7604	5936	6236	+
STRG.1587		itsRNA	236	AD_S1_2017_T2_R5_RNA	2017	wet	2017	2532.258789				k141_180069	5243	5479	-
STRG.1588		itsRNA	209	AD_S1_2017_T2_R5_RNA	2017	wet	2017	30863.619141000006				k141_180069	6606	6815	-
STRG.1588		asRNA	436	AD_S1_2017_T2_R5_RNA	2017	wet	2017	30863.619141000006				k141_447289	5850	6286	-
STRG.1812		asRNA	287	AD_S1_2017_T2_R5_RNA	2017	wet	2017	234.549057				k141_134336	643	930	+
STRG.1853		asRNA	331	AD_S1_2017_T2_R5_RNA	2017	wet	2017	623.504944				k141_354637	3869	4200	-
STRG.1969		asRNA	195	AD_S1_2017_T2_R5_RNA	2017	wet	2017	6237.2817380000015				k141_638309	1585	1780	-
STRG.1978		asRNA	232	AD_S1_2017_T2_R5_RNA	2017	wet	2017	1716.2950440000004				k141_701321	724	956	-
STRG.1984		asRNA	453	AD_S1_2017_T2_R5_RNA	2017	wet	2017	2152.147705				k141_748594	5870	6323	-
STRG.1986		asRNA	443	AD_S1_2017_T2_R5_RNA	2017	wet	2017	910.4729				k141_481158	8291	8734	-
STRG.1996		asRNA	243	AD_S1_2017_T2_R5_RNA	2017	wet	2017	1642.612427				k141_654228	3610	3853	-
STRG.2011		itsRNA	154	AD_S1_2017_T2_R5_RNA	2017	wet	2017	4580.818359000001				k141_198464	10918	11072	-
STRG.2092		itsRNA	224	AD_S1_2017_T2_R5_RNA	2017	wet	2017	2620.611328				k141_277650	1662	1886	-
STRG.2099		itsRNA	239	AD_S1_2017_T2_R5_RNA	2017	wet	2017	1052.656128				k141_120891	603	842	+
STRG.2221		asRNA	448	AD_S1_2017_T2_R5_RNA	2017	wet	2017	1538.558228				k141_593232	3874	4322	+
STRG.2339		asRNA	410	AD_S1_2017_T2_R5_RNA	2017	wet	2017	911.625427				k141_625337	6189	6599	-
STRG.2342		asRNA	184	AD_S1_2017_T2_R5_RNA	2017	wet	2017	1098.653198				k141_484160	9753	9937	+
STRG.2374		itsRNA	321	AD_S1_2017_T2_R5_RNA	2017	wet	2017	49997.820312				k141_29109	1588	1909	+
STRG.2574		asRNA	272	AD_S1_2017_T2_R5_RNA	2017	wet	2017	3193.5783690000007				k141_31077	8647	8919	+
STRG.2595		itsRNA	321	AD_S1_2017_T2_R5_RNA	2017	wet	2017	78487.742188				k141_596688	756	1077	-
STRG.2646		asRNA	399	AD_S1_2017_T2_R5_RNA	2017	wet	2017	1508.401001	-0.269648910910311	0.6172441134610126	0.6172441134610126	k141_112307	9979	10378	-
STRG.2646		asRNA	411	AD_S1_2017_T2_R5_RNA	2017	wet	2017	1508.401001	-0.269648910910311	0.6172441134610126	0.6172441134610126	k141_628520	1914	2325	+
STRG.284		asRNA	300	AD_S1_2017_T2_R5_RNA	2017	wet	2017	917.125671				k141_1191	2108	2408	+
STRG.308		asRNA	348	AD_S1_2017_T2_R5_RNA	2017	wet	2017	6329.6254880000015				k141_488481	1492	1840	-
STRG.322		itsRNA	364	AD_S1_2017_T2_R5_RNA	2017	wet	2017	491745.59375				k141_299873	3439	3803	+
STRG.328		asRNA	327	AD_S1_2017_T2_R5_RNA	2017	wet	2017	3526.702393				k141_520032	5418	5745	+
STRG.354		asRNA	258	AD_S1_2017_T2_R5_RNA	2017	wet	2017	1878.421021				k141_237112	7390	7648	-
STRG.481		asRNA	381	AD_S1_2017_T2_R5_RNA	2017	wet	2017	5616.995605				k141_331844	1747	2128	+
STRG.493		asRNA	161	AD_S1_2017_T2_R5_RNA	2017	wet	2017	5846.004883				k141_505111	9512	9673	+
STRG.505		itsRNA	154	AD_S1_2017_T2_R5_RNA	2017	wet	2017	3418.665771				k141_520608	3825	3979	+
STRG.511		itsRNA	300	AD_S1_2017_T2_R5_RNA	2017	wet	2017	14449.094727000003				k141_489127	264	564	-
STRG.551		asRNA	189	AD_S1_2017_T2_R5_RNA	2017	wet	2017	2395.46167				k141_709204	339	528	-
STRG.58		asRNA	322	AD_S1_2017_T2_R5_RNA	2017	wet	2017	1018.712646				k141_691931	7458	7780	+
STRG.585		asRNA	225	AD_S1_2017_T2_R5_RNA	2017	wet	2017	4102.823242				k141_363712	22133	22358	-
STRG.629		asRNA	437	AD_S1_2017_T2_R5_RNA	2017	wet	2017	804.02124				k141_253677	18931	19368	-
STRG.641		asRNA	246	AD_S1_2017_T2_R5_RNA	2017	wet	2017	13102.841797				k141_112307	1436	1682	+
STRG.651		itsRNA	188	AD_S1_2017_T2_R5_RNA	2017	wet	2017	1208.039307				k141_300884	4208	4396	+
STRG.654		asRNA	278	AD_S1_2017_T2_R5_RNA	2017	wet	2017	5141.987793				k141_442514	2287	2565	+
STRG.678		asRNA	383	AD_S1_2017_T2_R5_RNA	2017	wet	2017	2147.6875				k141_2676	3181	3564	-
STRG.82		asRNA	451	AD_S1_2017_T2_R5_RNA	2017	wet	2017	4145.0004880000015				k141_78967	7437	7888	-
STRG.838		asRNA	348	AD_S1_2017_T2_R5_RNA	2017	wet	2017	86768.679688				k141_474751	2337	2685	-
STRG.855		asRNA	341	AD_S1_2017_T2_R5_RNA	2017	wet	2017	2301.269043				k141_364907	2968	3309	+
STRG.945		asRNA	311	AD_S1_2017_T2_R5_RNA	2017	wet	2017	1112.363892				k141_443819	9309	9620	-
STRG.995		asRNA	159	AD_S1_2017_T2_R5_RNA	2017	wet	2017	5726.7495119999985				k141_664163	1474	1633	+
STRG.999		itsRNA	153	AD_S1_2017_T2_R5_RNA	2017	wet	2017	2031.377686				k141_82593	2899	3052	+
